City,Population,Total Offenses,Crimes Against Persons,Crimes Against Property,Crimes Against Society,Assault Offenses,Aggravated Assault,Simple Assault,Intimidation,Homicide Offenses,Murder and Nonnegligent Manslaughter,Negligent Man-slaughter,Justifiable Homicide,Human Trafficking Offenses,Commercial Sex Acts,Involuntary Servitude,Kidnapping/Abduction,Sex Offenses,Rape,Sodomy,Sexual Assault With an Object,Criminal Sexual Contact,Incest,Statutory Rape,Arson,Bribery,Burglary/Breaking & Entering,Counter-feiting/Forgery,Destruction/Damage/Vandalism of Property,
Abernathy,"2,792",25,7,5,13,5,0,5,0,0,0,0,0,0,0,0,0,2,1,0,0,1,0,0,0,0,3,0,0,
Abilene,"128,387","7,636","2,832","3,616","1,188","2,667",393,"1,981",293,7,6,1,0,0,0,0,8,150,68,27,16,39,0,0,3,0,394,64,678,
Addison,"17,527","2,396",461,"1,647",288,428,33,326,69,3,3,0,0,1,1,0,17,12,8,1,0,3,0,0,1,0,78,22,190,
Alamo,"20,640","1,685",257,"1,100",328,214,99,65,50,1,1,0,0,0,0,0,13,29,11,1,4,13,0,0,2,0,96,20,184,
Alamo Heights,"7,609",389,23,238,128,23,2,16,5,0,0,0,0,0,0,0,0,0,0,0,0,0,0,0,0,0,11,7,28,
Alba,502,23,10,4,9,10,0,2,8,0,0,0,0,0,0,0,0,0,0,0,0,0,0,0,0,0,1,0,0,
Alice,"17,622","1,636",592,739,305,560,95,355,110,1,1,0,0,0,0,0,11,20,12,3,1,4,0,0,2,0,104,43,182,
Allen,"114,696","2,745",556,"1,605",584,497,87,344,66,14,13,1,0,4,3,1,6,35,20,2,1,12,0,0,1,0,86,55,136,
Alma,414,1,0,1,0,0,0,0,0,0,0,0,0,0,0,0,0,0,0,0,0,0,0,0,0,0,1,0,0,
Alpine,"5,869",29,21,8,0,21,1,20,0,0,0,0,0,0,0,0,0,0,0,0,0,0,0,0,0,0,1,0,4,
Alton,"20,357",714,225,412,77,220,134,24,62,1,1,0,0,0,0,0,0,4,2,0,0,2,0,0,1,0,77,6,116,
Alvarado,"6,473",329,106,142,81,93,14,73,6,0,0,0,0,0,0,0,3,10,5,0,0,5,0,0,0,0,12,5,32,
Alvin,"28,742","1,382",451,700,231,431,32,367,32,1,1,0,0,0,0,0,1,18,11,3,1,3,0,0,1,0,52,20,97,
Amarillo,"201,684","17,350","5,768","9,640","1,942","5,237","1,080","3,546",611,20,16,0,4,0,0,0,246,265,125,22,21,97,0,0,41,0,932,196,"1,795",
Andrews,"13,157",544,140,276,128,127,43,62,22,0,0,0,0,0,0,0,4,9,7,0,0,2,0,0,1,0,22,9,66,
Angleton,"19,703","1,011",347,492,172,314,39,214,61,1,0,1,0,0,0,0,4,28,8,2,1,17,0,0,0,0,45,29,83,
Anna,"27,436",794,194,392,208,170,36,91,43,0,0,0,0,0,0,0,4,20,7,5,3,5,0,0,1,0,36,14,62,
Anthony,"3,853",399,81,67,251,74,6,46,22,0,0,0,0,0,0,0,1,6,2,1,0,3,0,0,1,0,4,0,23,
Aransas Pass,"8,843",527,177,258,92,166,23,124,19,0,0,0,0,0,0,0,2,9,7,0,0,2,0,0,1,0,31,4,30,
Archer City,"1,613",36,1,12,23,1,0,1,0,0,0,0,0,0,0,0,0,0,0,0,0,0,0,0,0,0,5,1,3,
Arcola,"2,331",118,33,64,21,29,8,13,8,0,0,0,0,0,0,0,3,1,0,0,0,1,0,0,0,0,9,2,13,
Argyle,"6,120",112,21,49,42,20,4,11,5,1,1,0,0,0,0,0,0,0,0,0,0,0,0,0,1,0,6,3,7,
Arlington,"394,799","26,761","8,214","14,318","4,229","7,723","1,395","5,101","1,227",20,16,3,1,14,13,1,19,438,246,33,9,149,1,0,12,3,"1,061",330,"2,067",
Arp,984,40,10,20,10,10,0,10,0,0,0,0,0,0,0,0,0,0,0,0,0,0,0,0,0,0,1,1,4,
Athens,"13,068",644,193,404,47,172,35,99,38,2,1,1,0,0,0,0,1,18,9,1,2,6,0,0,1,0,49,10,69,
Atlanta,"5,427",139,46,88,5,45,5,35,5,0,0,0,0,0,0,0,0,1,1,0,0,0,0,0,0,0,11,1,13,
Aubrey,"9,712",436,173,207,56,163,15,133,15,1,1,0,0,0,0,0,6,3,2,0,0,1,0,0,0,0,49,3,22,
Austin,"978,816","70,295","18,517","46,028","5,750","17,354","3,449","9,364","4,541",81,66,9,6,8,2,6,253,821,327,48,117,329,0,0,147,3,"4,345",782,"6,303",
Azle,"14,228",717,202,315,200,181,29,134,18,0,0,0,0,0,0,0,1,20,13,0,2,5,0,0,1,0,34,9,46,
Balch Springs,"26,776","1,586",307,"1,181",98,270,87,144,39,5,5,0,0,1,0,1,10,21,6,3,0,12,0,0,0,0,126,24,215,
Balcones Heights,"2,695",639,112,402,125,108,37,65,6,0,0,0,0,0,0,0,0,4,4,0,0,0,0,0,1,0,32,10,70,
Ballinger,"3,546",113,36,69,8,32,8,24,0,0,0,0,0,0,0,0,0,4,4,0,0,0,0,0,1,0,17,2,13,
Bangs,"1,533",26,17,7,2,17,1,15,1,0,0,0,0,0,0,0,0,0,0,0,0,0,0,0,0,0,1,0,1,
Bastrop,"11,961","1,080",241,658,181,231,43,160,28,0,0,0,0,0,0,0,0,10,7,0,0,3,0,0,0,1,46,54,133,
Bay City,"17,247","1,472",420,759,293,408,77,287,44,2,2,0,0,0,0,0,3,7,4,1,0,2,0,0,7,0,90,28,122,
Baytown,"83,809","5,841","1,533","3,511",797,"1,446",222,981,243,3,2,1,0,4,2,2,5,75,45,9,0,21,0,0,3,0,400,15,426,
Beaumont,"110,671","11,379","4,500","5,613","1,266","4,235","1,160","2,399",676,17,17,0,0,1,1,0,74,173,82,28,13,50,0,0,19,0,637,149,926,
Bedford,"48,193","2,692",532,"1,376",784,488,69,340,79,0,0,0,0,1,1,0,4,39,25,4,1,9,0,0,0,0,88,21,142,
Bee Cave,"8,704",455,42,305,108,35,12,14,9,0,0,0,0,0,0,0,2,5,5,0,0,0,0,0,0,0,16,9,34,
Beeville,"13,176",876,219,524,133,210,43,150,17,0,0,0,0,0,0,0,2,7,4,2,1,0,0,0,7,0,82,9,126,
Bellaire,"16,894",831,57,540,234,56,9,34,13,0,0,0,0,0,0,0,1,0,0,0,0,0,0,0,0,0,46,8,56,
Bellmead,"10,615",732,179,432,121,164,17,109,38,0,0,0,0,4,0,4,2,9,7,0,0,2,0,0,3,2,23,12,53,
Bells,"1,574",10,2,7,1,2,0,1,1,0,0,0,0,0,0,0,0,0,0,0,0,0,0,0,0,0,0,0,2,
Bellville,"4,215",182,51,85,46,47,8,22,17,0,0,0,0,0,0,0,1,3,2,1,0,0,0,0,0,0,8,6,20,
Belton,"24,946","1,683",428,839,416,390,26,309,55,1,1,0,0,0,0,0,5,32,17,1,0,14,0,0,2,0,57,48,144,
Benbrook,"24,425","1,187",204,652,331,191,43,127,21,4,4,0,0,0,0,0,0,9,8,0,0,1,0,0,0,0,34,18,53,
Bertram,"2,247",59,15,11,33,13,3,10,0,1,1,0,0,0,0,0,0,1,1,0,0,0,0,0,0,0,4,0,1,
Beverly Hills,"1,870",218,50,75,93,47,14,17,16,0,0,0,0,0,0,0,1,2,0,1,0,1,0,0,1,0,11,9,13,
Big Sandy,"1,314",53,8,32,13,8,0,7,1,0,0,0,0,0,0,0,0,0,0,0,0,0,0,0,0,0,14,3,4,
Big Spring,"24,933","2,046",847,883,316,813,151,602,60,5,4,1,0,0,0,0,6,23,17,3,0,3,0,0,2,0,107,31,182,
Blanco,"1,987",80,21,38,21,18,2,7,9,0,0,0,0,0,0,0,1,2,2,0,0,0,0,0,0,0,5,3,4,
Blue Mound,"2,302",26,5,16,5,4,3,1,0,0,0,0,0,0,0,0,0,1,0,0,0,1,0,0,0,0,4,1,5,
Boerne,"22,163",719,148,380,191,140,13,110,17,0,0,0,0,0,0,0,0,8,5,0,0,3,0,0,1,0,61,9,71,
Bogata,"1,094",5,1,2,2,1,0,1,0,0,0,0,0,0,0,0,0,0,0,0,0,0,0,0,0,0,1,0,0,
Borger,"12,116",703,254,372,77,235,60,139,36,2,1,1,0,0,0,0,2,15,14,0,0,1,0,0,0,0,57,10,102,
Bovina,"1,635",16,9,5,2,7,2,4,1,0,0,0,0,0,0,0,0,2,0,0,0,2,0,0,0,0,0,1,3,
Bowie,"5,893",237,61,144,32,54,7,36,11,0,0,0,0,0,0,0,0,7,3,0,1,3,0,0,0,0,17,11,39,
Boyd,"1,606",69,16,17,36,16,3,12,1,0,0,0,0,0,0,0,0,0,0,0,0,0,0,0,0,0,3,2,3,
Brady,"4,964",186,77,72,37,74,10,60,4,0,0,0,0,0,0,0,0,3,1,0,0,2,0,0,2,0,20,1,11,
Brazoria,"2,827",78,21,53,4,20,2,13,5,0,0,0,0,0,0,0,0,1,1,0,0,0,0,0,0,0,1,3,2,
Breckenridge,"5,172",229,61,114,54,58,5,39,14,0,0,0,0,0,0,0,0,3,3,0,0,0,0,0,1,0,22,9,16,
Bremond,877,21,14,6,1,14,6,8,0,0,0,0,0,0,0,0,0,0,0,0,0,0,0,0,0,0,0,1,0,
Brenham,"19,047","1,198",303,480,415,287,43,170,74,1,1,0,0,0,0,0,3,12,6,2,2,2,0,0,0,0,19,26,61,
Bridge City,"9,585",155,50,67,38,42,2,33,7,0,0,0,0,0,0,0,0,8,8,0,0,0,0,0,0,0,14,1,14,
Bridgeport,"6,523",348,55,112,181,53,4,47,2,0,0,0,0,0,0,0,0,2,2,0,0,0,0,0,0,0,10,11,35,
Brookshire,"5,755",174,51,111,12,43,8,26,9,1,1,0,0,0,0,0,0,7,6,1,0,0,0,0,1,0,6,4,22,
Brownfield,"8,624",403,153,180,70,150,31,106,13,0,0,0,0,0,0,0,0,3,2,0,0,1,0,0,0,0,27,0,40,
Brownsville,"190,590","10,703","3,656","6,262",785,"3,530",587,"1,977",966,11,8,3,0,1,1,0,44,70,33,7,5,25,0,0,22,0,429,67,"1,384",
Brownwood,"18,652","1,400",488,730,182,431,62,276,93,3,3,0,0,0,0,0,23,31,16,4,1,10,0,0,4,0,51,31,99,
Bruceville-Eddy,"1,459",31,8,17,6,8,0,8,0,0,0,0,0,0,0,0,0,0,0,0,0,0,0,0,0,0,8,0,2,
Buda,"16,508",656,89,463,104,87,16,54,17,0,0,0,0,0,0,0,1,1,1,0,0,0,0,0,0,0,19,30,46,
Buffalo,"1,848",75,14,57,4,11,2,9,0,0,0,0,0,0,0,0,0,3,2,1,0,0,0,0,0,0,11,3,3,
Bullard,"4,553",63,11,27,25,8,1,4,3,0,0,0,0,0,0,0,1,2,2,0,0,0,0,0,0,0,3,6,1,
Bulverde,"6,907",586,42,181,363,36,11,20,5,1,1,0,0,0,0,0,1,4,4,0,0,0,0,0,0,0,13,8,34,
Burkburnett,"11,166",295,109,132,54,93,12,63,18,2,2,0,0,0,0,0,0,14,10,2,0,2,0,0,0,0,10,5,38,
Burleson,"56,307","1,984",504,"1,078",402,472,80,356,36,0,0,0,0,0,0,0,4,28,16,3,5,4,0,0,2,0,84,48,117,
Burnet,"6,841",327,77,92,158,72,6,50,16,0,0,0,0,0,0,0,2,3,0,0,1,2,0,0,1,0,9,13,18,
Cactus,"3,058",184,71,56,57,67,13,53,1,0,0,0,0,0,0,0,0,4,3,0,1,0,0,0,0,0,1,3,20,
Caddo Mills,"5,344",53,18,24,11,15,2,12,1,0,0,0,0,0,0,0,0,3,3,0,0,0,0,0,0,0,5,2,4,
Caldwell,"4,520",108,29,53,26,26,5,18,3,0,0,0,0,1,1,0,0,2,1,0,0,1,0,0,0,0,9,2,5,
Calvert,969,68,14,40,14,14,7,6,1,0,0,0,0,0,0,0,0,0,0,0,0,0,0,0,0,0,16,2,5,
Cameron,"5,472",105,31,69,5,29,4,24,1,0,0,0,0,0,0,0,0,2,1,1,0,0,0,0,1,0,19,3,11,
Canton,"4,726",228,36,168,24,33,4,29,0,1,0,1,0,0,0,0,0,2,0,0,0,2,0,0,0,0,31,7,18,
Canyon,"16,211",388,104,206,78,100,22,58,20,0,0,0,0,0,0,0,0,4,1,0,0,3,0,0,1,0,17,4,46,
Carrollton,"134,261","5,357","1,019","2,601","1,737",947,153,672,122,11,6,5,0,0,0,0,15,46,32,2,0,12,0,0,6,2,211,43,156,
Carthage,"6,565",448,167,268,13,158,25,105,28,0,0,0,0,0,0,0,0,9,6,0,0,3,0,0,3,0,17,13,46,
Castle Hills,"3,909",408,37,208,163,36,8,18,10,0,0,0,0,0,0,0,0,1,1,0,0,0,0,0,0,0,12,17,36,
Castroville,"3,138",128,15,88,25,15,2,13,0,0,0,0,0,0,0,0,0,0,0,0,0,0,0,0,0,0,4,7,13,
Cedar Hill,"48,247","2,120",369,"1,310",441,354,63,263,28,1,1,0,0,0,0,0,2,12,5,3,0,4,0,0,2,0,114,13,224,
Cedar Park,"77,464","2,922",661,"1,385",876,591,42,458,91,1,1,0,0,0,0,0,0,69,36,1,3,29,0,0,2,0,84,32,23,
Celina,"24,571",783,173,409,201,165,21,107,37,1,1,0,0,0,0,0,0,7,6,0,0,1,0,0,5,0,59,12,37,
Center,"5,124",391,95,178,118,92,24,67,1,0,0,0,0,0,0,0,0,3,0,3,0,0,0,0,0,0,22,5,26,
Chandler,"3,577",41,3,30,8,3,1,2,0,0,0,0,0,0,0,0,0,0,0,0,0,0,0,0,0,0,2,1,5,
Charlotte,"1,597",32,7,24,1,7,2,4,1,0,0,0,0,0,0,0,0,0,0,0,0,0,0,0,0,0,6,1,2,
Childress,"5,830",144,41,40,63,38,9,29,0,1,1,0,0,0,0,0,1,1,0,0,0,1,0,0,0,0,5,3,9,
China Grove,"1,131",64,4,38,22,4,0,4,0,0,0,0,0,0,0,0,0,0,0,0,0,0,0,0,1,0,7,1,3,
Cibolo,"35,851","1,057",380,553,124,347,35,253,59,0,0,0,0,0,0,0,0,33,20,4,0,9,0,0,3,0,28,16,88,
Cisco,"3,986",138,39,75,24,36,2,28,6,1,0,0,1,0,0,0,0,2,2,0,0,0,0,0,0,0,18,3,18,
Cleburne,"35,075","1,429",359,592,478,316,68,228,20,1,1,0,0,0,0,0,4,38,15,4,2,17,0,0,1,0,34,25,74,
Clifton,"3,536",94,19,21,54,17,7,8,2,0,0,0,0,0,0,0,0,2,1,1,0,0,0,0,0,0,3,4,3,
Clute,"10,640",718,274,365,79,265,18,237,10,0,0,0,0,0,0,0,0,9,7,1,0,1,0,0,0,0,83,10,72,
Clyde,"4,010",142,49,59,34,45,6,39,0,0,0,0,0,0,0,0,0,4,2,0,0,1,1,0,0,0,9,1,14,
Cockrell Hill,"3,658",168,28,97,43,27,8,17,2,0,0,0,0,0,0,0,0,1,0,0,0,1,0,0,0,0,14,0,16,
Coleman,"4,001",94,20,16,58,19,5,12,2,0,0,0,0,0,0,0,0,1,1,0,0,0,0,0,0,0,4,1,0,
College Station,"126,136","4,899","1,031","2,612","1,256",919,112,691,116,4,4,0,0,2,2,0,11,95,49,7,7,31,1,0,0,0,173,75,346,
Colleyville,"25,748",720,63,301,356,57,9,30,18,0,0,0,0,1,1,0,0,5,5,0,0,0,0,0,0,0,9,21,23,
Collinsville,"2,086",21,9,1,11,7,0,7,0,0,0,0,0,0,0,0,0,2,2,0,0,0,0,0,0,0,1,0,0,
Colorado City,"3,910",165,28,117,20,27,6,19,2,1,1,0,0,0,0,0,0,0,0,0,0,0,0,0,0,0,23,5,32,
Columbus,"3,724",111,37,58,16,34,10,22,2,0,0,0,0,0,0,0,0,3,2,0,1,0,0,0,0,0,2,3,8,
Comanche,"4,273",219,85,105,29,78,8,53,17,0,0,0,0,0,0,0,2,5,2,1,0,2,0,0,1,0,8,2,19,
Combes,"3,173",179,27,61,91,22,4,10,8,0,0,0,0,0,0,0,3,2,1,0,0,1,0,0,0,0,4,0,16,
Commerce,"9,372",512,187,277,48,177,42,110,25,1,1,0,0,0,0,0,0,9,6,1,0,2,0,0,1,0,18,15,63,
Conroe,"106,904","5,493","1,480","2,759","1,254","1,374",156,976,242,5,3,2,0,0,0,0,16,85,23,12,8,41,1,0,5,2,222,130,446,
Converse,"30,522","1,600",288,956,356,283,108,149,26,1,0,1,0,0,0,0,1,3,2,1,0,0,0,0,1,0,97,19,210,
Coppell,"41,719",947,141,698,108,135,20,107,8,0,0,0,0,0,0,0,0,6,5,0,0,1,0,0,0,0,30,5,106,
Copperas Cove,"38,602","2,746",904,"1,177",665,797,67,609,121,1,1,0,0,1,1,0,13,92,58,9,5,20,0,0,3,0,79,30,206,
Corinth,"22,965",509,110,305,94,104,14,79,11,0,0,0,0,0,0,0,1,5,4,0,0,1,0,0,1,0,58,8,35,
Corpus Christi,"315,340","29,880","10,072","15,600","4,208","9,538","2,107","5,529","1,902",25,20,3,2,5,2,3,31,473,164,83,42,182,2,0,58,0,"1,664",392,"2,851",
Corrigan,"1,480",61,17,26,18,14,4,9,1,2,0,2,0,0,0,0,0,1,1,0,0,0,0,0,0,0,7,1,2,
Corsicana,"25,782","1,542",334,964,244,297,85,198,14,0,0,0,0,0,0,0,2,35,25,0,5,5,0,0,10,0,115,30,165,
Crandall,"5,054",551,222,248,81,209,52,139,18,1,1,0,0,0,0,0,1,11,8,0,0,3,0,0,1,0,24,8,77,
Crane,"3,293",63,24,7,32,23,4,19,0,0,0,0,0,0,0,0,0,1,0,0,0,1,0,0,0,0,1,0,1,
Crockett,"6,302",437,83,201,153,79,14,65,0,1,1,0,0,0,0,0,0,3,3,0,0,0,0,0,0,0,29,10,42,
Crowley,"20,071","1,121",171,665,285,155,33,111,11,1,1,0,0,0,0,0,4,11,5,2,0,4,0,0,1,0,63,13,102,
Crystal City,"6,050",115,53,59,3,52,15,37,0,0,0,0,0,0,0,0,0,1,0,0,0,1,0,0,1,0,15,0,20,
Cuero,"8,085",450,135,217,98,134,73,45,16,0,0,0,0,0,0,0,0,1,1,0,0,0,0,0,2,0,15,11,58,
Cuney,115,5,3,1,1,3,2,1,0,0,0,0,0,0,0,0,0,0,0,0,0,0,0,0,0,0,0,0,0,
Daingerfield,"2,521",141,40,77,24,38,16,16,6,0,0,0,0,0,0,0,1,1,1,0,0,0,0,0,0,0,10,2,7,
Dalhart,"8,389",287,109,131,47,101,26,63,12,1,0,1,0,0,0,0,2,5,1,1,0,3,0,0,0,0,29,10,33,
Dallas,"1,304,989","109,358","26,599","69,491","13,268","25,268","6,098","14,754","4,416",283,242,20,21,45,44,1,172,831,366,113,59,291,2,0,147,2,"6,137",249,"9,909",
Dalworthington Gardens,"2,263",64,3,39,22,3,1,2,0,0,0,0,0,0,0,0,0,0,0,0,0,0,0,0,0,0,3,2,2,
Dawson,828,17,6,1,10,5,2,3,0,0,0,0,0,0,0,0,1,0,0,0,0,0,0,0,0,0,0,0,0,
Dayton,"9,655",364,69,198,97,63,15,40,8,2,2,0,0,0,0,0,0,4,3,0,0,1,0,0,0,0,24,4,40,
Decatur,"7,499",743,77,343,323,72,11,50,11,0,0,0,0,0,0,0,0,5,1,2,0,2,0,0,0,0,14,12,42,
Deer Park,"33,033","1,427",259,731,437,238,30,198,10,2,1,1,0,0,0,0,1,18,9,3,0,6,0,0,3,0,42,9,103,
De Leon,"2,332",59,26,32,1,25,3,18,4,0,0,0,0,0,0,0,0,1,1,0,0,0,0,0,2,0,9,1,3,
Del Rio,"34,466","1,432",450,899,83,407,30,252,125,0,0,0,0,0,0,0,6,37,16,2,0,19,0,0,3,0,141,17,190,
Denison,"27,261",967,195,367,405,174,49,97,28,4,3,1,0,0,0,0,2,15,11,2,0,2,0,0,3,0,52,15,64,
Denton,"155,215","8,310","2,282","5,071",957,"2,149",242,"1,383",524,9,9,0,0,2,2,0,7,115,51,0,31,33,0,0,10,2,301,84,695,
Denver City,"4,230",81,35,39,7,31,4,20,7,0,0,0,0,0,0,0,1,3,1,0,0,2,0,0,0,0,7,0,10,
DeSoto,"56,257","2,777",882,"1,650",245,815,100,547,168,0,0,0,0,0,0,0,3,64,29,6,3,26,0,0,2,0,129,9,322,
Devine,"4,590",153,29,101,23,29,6,23,0,0,0,0,0,0,0,0,0,0,0,0,0,0,0,0,0,0,7,0,10,
Diboll,"4,617",163,46,77,40,41,10,21,10,2,2,0,0,0,0,0,0,3,0,0,0,3,0,0,1,0,8,3,15,
Dickinson,"21,881",843,332,422,89,304,31,235,38,1,1,0,0,0,0,0,0,27,12,3,0,12,0,0,1,0,48,12,84,
Dilley,"3,331",85,33,47,5,33,8,24,1,0,0,0,0,0,0,0,0,0,0,0,0,0,0,0,2,0,10,0,9,
Dimmitt,"4,100",84,24,26,34,21,4,16,1,0,0,0,0,0,0,0,0,3,1,0,0,2,0,0,0,0,13,0,6,
Donna,"16,769","1,350",317,925,108,293,221,29,43,2,2,0,0,1,1,0,2,19,9,1,1,7,1,0,0,0,78,7,188,
Double Oak,"3,084",33,8,19,6,7,0,4,3,0,0,0,0,0,0,0,1,0,0,0,0,0,0,0,0,0,2,2,4,
Driscoll,659,0,0,0,0,0,0,0,0,0,0,0,0,0,0,0,0,0,0,0,0,0,0,0,0,0,0,0,0,
Dublin,"3,470",26,10,10,6,10,0,9,1,0,0,0,0,0,0,0,0,0,0,0,0,0,0,0,0,0,2,1,3,
Dumas,"14,037",725,188,431,106,176,31,126,19,0,0,0,0,0,0,0,0,12,8,2,0,2,0,0,0,0,26,31,71,
Duncanville,"39,104","1,914",521,"1,207",186,501,109,356,36,1,1,0,0,0,0,0,1,18,10,0,0,8,0,0,0,0,100,17,144,
Eagle Pass,"28,315","1,620",462,977,181,451,47,264,140,0,0,0,0,0,0,0,9,2,1,0,0,1,0,0,3,0,142,33,150,
Early,"3,243",185,68,79,38,61,14,36,11,3,0,3,0,0,0,0,1,3,2,0,0,1,0,0,1,0,6,3,16,
Eastland,"3,653",259,58,107,94,55,3,42,10,0,0,0,0,0,0,0,0,3,2,0,0,1,0,0,0,0,9,4,23,
East Mountain,951,9,2,3,4,2,0,2,0,0,0,0,0,0,0,0,0,0,0,0,0,0,0,0,0,0,1,0,1,
Edcouch,"2,674",43,21,16,6,19,8,8,3,0,0,0,0,0,0,0,0,2,0,0,0,2,0,0,0,0,1,0,4,
Edgewood,"1,734",0,0,0,0,0,0,0,0,0,0,0,0,0,0,0,0,0,0,0,0,0,0,0,0,0,0,0,0,
Edinburg,"106,137","7,341","2,246","3,952","1,143","2,078",204,"1,650",224,2,2,0,0,0,0,0,30,136,68,7,6,55,0,0,4,1,173,76,805,
Edna,"6,015",173,75,60,38,72,15,49,8,1,1,0,0,0,0,0,0,2,2,0,0,0,0,0,2,0,11,1,17,
El Campo,"12,103",956,233,493,230,216,64,113,39,0,0,0,0,0,0,0,0,17,5,1,1,10,0,0,2,0,28,39,77,
Electra,"2,290",95,42,48,5,37,11,19,7,0,0,0,0,0,0,0,0,5,0,0,0,5,0,0,0,0,5,1,12,
Elgin,"12,235",628,149,293,186,140,20,113,7,2,2,0,0,0,0,0,0,7,5,1,0,1,0,0,1,0,34,6,63,
El Paso,"676,665","32,675","10,425","18,431","3,819","9,852","1,665","6,197","1,990",38,34,4,0,2,2,0,125,408,240,34,3,131,0,0,97,0,"1,062",209,"4,613",
Elsa,"5,663",519,102,276,141,99,18,80,1,0,0,0,0,0,0,0,0,3,2,1,0,0,0,0,0,0,33,2,46,
Emory,"1,394",20,6,10,4,4,1,2,1,0,0,0,0,0,0,0,0,2,2,0,0,0,0,0,0,0,3,0,1,
Encinal,517,23,5,10,8,5,2,1,2,0,0,0,0,0,0,0,0,0,0,0,0,0,0,0,0,0,1,0,1,
Ennis,"24,347",728,124,523,81,120,26,91,3,1,1,0,0,0,0,0,1,2,1,0,0,1,0,0,0,0,37,3,119,
Euless,"59,722","2,710",463,"1,652",595,410,74,294,42,0,0,0,0,0,0,0,7,46,22,4,0,20,0,0,4,0,116,39,187,
Eustace,"1,156",29,5,3,21,5,2,1,2,0,0,0,0,0,0,0,0,0,0,0,0,0,0,0,0,0,1,0,0,
Everman,"5,929",221,54,135,32,49,11,31,7,1,1,0,0,0,0,0,0,4,3,0,0,1,0,0,0,0,20,0,25,
Fairfield,"2,926",114,32,74,8,30,14,13,3,0,0,0,0,0,0,0,1,1,0,0,0,1,0,0,0,0,7,2,8,
Fair Oaks Ranch,"11,753",428,31,136,261,31,4,17,10,0,0,0,0,0,0,0,0,0,0,0,0,0,0,0,0,0,34,3,10,
Fairview,"11,071",174,11,138,25,10,0,5,5,0,0,0,0,0,0,0,0,1,1,0,0,0,0,0,0,0,13,1,15,
Falfurrias,"4,398",38,20,13,5,17,11,6,0,0,0,0,0,0,0,0,1,2,2,0,0,0,0,0,1,0,2,0,0,
Farmers Branch,"36,538","2,088",334,"1,381",373,314,44,246,24,4,4,0,0,0,0,0,4,12,6,1,3,2,0,0,1,0,123,15,147,
Farmersville,"4,227",96,32,44,20,28,5,22,1,0,0,0,0,0,0,0,0,4,3,0,0,1,0,0,0,0,4,1,9,
Farwell,"1,369",11,0,10,1,0,0,0,0,0,0,0,0,0,0,0,0,0,0,0,0,0,0,0,0,0,3,0,0,
Fate,"25,400",366,107,192,67,98,15,75,8,0,0,0,0,0,0,0,0,9,5,0,0,4,0,0,0,0,11,12,39,
Ferris,"2,934",78,22,47,9,20,8,11,1,0,0,0,0,0,0,0,0,2,2,0,0,0,0,0,0,0,7,1,11,
Flatonia,"1,365",45,7,17,21,7,0,7,0,0,0,0,0,0,0,0,0,0,0,0,0,0,0,0,0,0,2,0,3,
Florence,"1,203",35,11,13,11,11,0,11,0,0,0,0,0,0,0,0,0,0,0,0,0,0,0,0,0,0,4,0,1,
Floresville,"8,480",305,69,195,41,65,8,55,2,0,0,0,0,0,0,0,1,3,2,0,0,1,0,0,1,0,35,3,32,
Flower Mound,"79,513","1,286",227,868,191,210,35,135,40,0,0,0,0,0,0,0,0,17,5,6,0,6,0,0,3,0,44,25,96,
Floydada,"2,560",77,21,48,8,20,7,10,3,0,0,0,0,0,0,0,0,1,0,0,0,1,0,0,0,0,10,2,12,
Forest Hill,"13,583",425,105,250,70,93,12,70,11,1,1,0,0,0,0,0,1,10,7,0,1,2,0,0,0,0,35,0,7,
Forney,"37,242",799,143,447,209,120,22,75,23,1,1,0,0,0,0,0,4,18,13,3,0,2,0,0,0,0,25,14,43,
Fort Stockton,"8,053",158,66,59,33,59,6,47,6,0,0,0,0,0,0,0,0,7,4,0,0,3,0,0,2,0,14,4,16,
Fort Worth,"973,722","52,965","13,352","34,136","5,477","12,203","3,351","7,449","1,403",92,85,3,4,25,20,5,257,775,548,91,36,100,0,0,107,3,"3,430",228,"5,893",
Franklin,"1,790",42,11,25,6,11,4,7,0,0,0,0,0,0,0,0,0,0,0,0,0,0,0,0,0,0,8,1,1,
Frankston,"1,094",136,12,35,89,9,1,2,6,0,0,0,0,0,0,0,0,3,1,0,0,2,0,0,0,0,1,0,4,
Fredericksburg,"11,446",291,73,168,50,68,4,50,14,0,0,0,0,0,0,0,1,4,2,0,1,1,0,0,0,0,20,8,46,
Freeport,"10,478",459,156,262,41,143,60,65,18,0,0,0,0,0,0,0,0,13,10,0,0,3,0,0,1,0,30,7,59,
Freer,"2,360",82,36,42,4,30,2,16,12,0,0,0,0,0,0,0,3,3,0,1,0,2,0,0,0,0,9,3,11,
Friendswood,"40,678","1,021",217,573,231,201,22,135,44,2,2,0,0,0,0,0,0,14,5,0,2,6,1,0,1,0,21,39,33,
Friona,"4,001",31,6,15,10,4,1,2,1,0,0,0,0,0,0,0,0,2,2,0,0,0,0,0,0,0,1,0,8,
Frisco,"228,527","6,878","1,086","4,523","1,269","1,022",133,805,84,2,1,1,0,0,0,0,2,60,24,8,5,23,0,0,12,0,171,62,359,
Fulshear,"25,579",332,41,176,115,40,4,36,0,0,0,0,0,0,0,0,0,1,0,0,0,1,0,0,0,0,8,4,22,
Gainesville,"18,167","1,162",239,518,405,217,45,155,17,2,2,0,0,0,0,0,4,16,6,1,2,7,0,0,3,0,36,18,91,
Galena Park,"10,215",386,88,273,25,86,14,56,16,0,0,0,0,0,0,0,1,1,0,1,0,0,0,0,1,0,17,59,34,
Galveston,"52,810","3,827","1,309","1,876",642,"1,205",147,785,273,6,6,0,0,2,2,0,11,85,61,12,0,12,0,0,5,0,126,45,324,
Ganado,"2,005",32,8,16,8,6,3,3,0,0,0,0,0,0,0,0,0,2,2,0,0,0,0,0,1,0,0,2,2,
Garden Ridge,"4,400",137,14,80,43,12,0,4,8,0,0,0,0,0,0,0,2,0,0,0,0,0,0,0,0,0,1,3,8,
Garland,"240,051","12,922","3,365","7,515","2,042","3,197",318,"2,618",261,14,11,1,2,0,0,0,27,127,74,1,0,52,0,0,19,0,748,65,928,
Garrison,834,8,2,2,4,2,1,1,0,0,0,0,0,0,0,0,0,0,0,0,0,0,0,0,0,0,0,0,0,
Gatesville,"16,230",512,164,274,74,152,18,113,21,2,2,0,0,0,0,0,0,10,5,0,0,5,0,0,2,0,43,14,54,
Georgetown,"87,871","2,771",712,"1,702",357,652,92,495,65,1,0,1,0,0,0,0,15,44,19,15,3,7,0,0,5,0,187,48,215,
George West,"2,155",112,45,47,20,41,11,28,2,0,0,0,0,0,0,0,0,4,1,1,0,2,0,0,0,0,13,0,11,
Giddings,"5,202",238,85,117,36,78,10,49,19,1,1,0,0,0,0,0,0,6,6,0,0,0,0,0,0,0,9,8,22,
Gilmer,"5,119",339,86,207,46,73,12,48,13,1,0,1,0,5,2,3,0,7,5,0,0,2,0,0,1,0,12,15,27,
Gladewater,"6,271",173,60,88,25,52,15,30,7,0,0,0,0,0,0,0,0,8,5,0,1,2,0,0,0,0,8,6,15,
Glenn Heights,"19,628",626,238,279,109,231,39,164,28,0,0,0,0,0,0,0,0,7,4,0,0,3,0,0,0,0,13,0,54,
Godley,"3,545",75,12,37,26,12,3,9,0,0,0,0,0,0,0,0,0,0,0,0,0,0,0,0,0,0,6,1,6,
Gonzales,"7,210",467,134,202,131,128,117,8,3,0,0,0,0,0,0,0,1,5,3,0,2,0,0,0,2,0,23,13,41,
Graham,"8,767",363,70,99,194,60,4,44,12,0,0,0,0,0,0,0,0,10,5,1,0,4,0,0,0,0,5,2,4,
Granbury,"13,124",820,163,523,134,153,11,129,13,4,3,1,0,0,0,0,0,6,6,0,0,0,0,0,1,0,12,14,63,
Grand Prairie,"205,487","9,045","1,606","4,761","2,678","1,509",275,"1,187",47,6,4,1,1,0,0,0,3,88,53,5,1,29,0,0,8,0,274,82,818,
Grand Saline,"3,272",57,11,32,14,11,3,8,0,0,0,0,0,0,0,0,0,0,0,0,0,0,0,0,0,0,4,0,7,
Granger,"1,186",24,11,12,1,11,0,11,0,0,0,0,0,0,0,0,0,0,0,0,0,0,0,0,0,0,5,1,3,
Grapeland,"1,480",21,8,12,1,8,0,8,0,0,0,0,0,0,0,0,0,0,0,0,0,0,0,0,0,0,6,0,0,
Grapevine,"51,458","2,468",433,"1,651",384,397,64,280,53,2,2,0,0,0,0,0,0,34,12,1,6,15,0,0,2,1,98,44,53,
Greenville,"32,547","1,222",332,508,382,309,42,256,11,2,2,0,0,0,0,0,1,20,17,1,0,2,0,0,3,0,63,7,13,
Groesbeck,"3,617",194,56,102,36,56,4,40,12,0,0,0,0,0,0,0,0,0,0,0,0,0,0,0,0,0,20,4,13,
Groves,"16,554",597,204,320,73,194,48,134,12,0,0,0,0,0,0,0,0,10,6,1,0,3,0,0,1,0,33,19,72,
Gun Barrel City,"6,660",291,63,186,42,60,10,50,0,0,0,0,0,0,0,0,0,3,1,0,0,2,0,0,0,0,30,6,36,
Gunter,"2,580",28,4,20,4,4,0,4,0,0,0,0,0,0,0,0,0,0,0,0,0,0,0,0,0,0,2,0,8,
Hale Center,"1,997",41,16,22,3,13,4,8,1,0,0,0,0,0,0,0,0,3,1,0,0,2,0,0,0,0,1,1,1,
Hallettsville,"2,736",176,58,38,80,56,13,33,10,0,0,0,0,0,0,0,2,0,0,0,0,0,0,0,0,0,3,4,16,
Hallsville,"4,829",37,11,17,9,9,0,9,0,1,1,0,0,0,0,0,0,1,1,0,0,0,0,0,0,0,5,1,1,
Haltom City,"45,298","2,560",609,"1,681",270,564,92,398,74,4,3,1,0,1,0,1,9,31,19,4,0,8,0,0,4,0,164,33,414,
Hamilton,"2,880",129,45,56,28,43,9,34,0,1,1,0,0,0,0,0,0,1,0,0,0,1,0,0,0,0,9,3,15,
Hamlin,"1,859",40,21,6,13,20,4,16,0,0,0,0,0,0,0,0,0,1,0,0,0,1,0,0,0,0,2,0,0,
Harker Heights,"34,540","1,131",263,602,266,236,48,156,32,6,4,1,1,0,0,0,2,19,10,3,0,6,0,0,0,0,44,31,113,
Harlingen,"71,581","5,073","1,314","2,872",887,"1,270",172,875,223,1,1,0,0,9,2,7,12,22,7,4,0,11,0,0,9,0,279,67,543,
Haskell,"3,061",35,10,20,5,10,1,8,1,0,0,0,0,0,0,0,0,0,0,0,0,0,0,0,0,0,4,0,0,
Hawkins,"1,389",53,17,23,13,17,2,15,0,0,0,0,0,0,0,0,0,0,0,0,0,0,0,0,0,0,7,0,2,
Hawley,572,0,0,0,0,0,0,0,0,0,0,0,0,0,0,0,0,0,0,0,0,0,0,0,0,0,0,0,0,
Hearne,"4,541",104,55,36,13,53,11,42,0,0,0,0,0,0,0,0,0,2,2,0,0,0,0,0,0,0,13,1,3,
Heath,"11,188",241,77,80,84,75,6,58,11,0,0,0,0,0,0,0,0,2,2,0,0,0,0,0,0,0,6,1,12,
Hedwig Village,"2,302",200,8,176,16,8,0,6,2,0,0,0,0,0,0,0,0,0,0,0,0,0,0,0,0,1,4,7,13,
Helotes,"9,854",372,38,200,134,35,1,27,7,0,0,0,0,0,0,0,0,3,2,0,0,1,0,0,0,0,25,4,24,
Hempstead,"6,545",392,100,220,72,97,23,67,7,0,0,0,0,1,0,1,0,2,2,0,0,0,0,0,0,0,25,13,45,
Henderson,"13,446","1,267",475,661,131,451,59,341,51,3,1,2,0,0,0,0,0,21,9,0,0,11,1,0,1,0,75,19,153,
Hereford,"14,687",686,171,425,90,155,17,135,3,0,0,0,0,0,0,0,1,15,6,1,3,5,0,0,1,0,78,13,120,
Hewitt,"16,615",679,146,332,201,132,7,95,30,0,0,0,0,0,0,0,1,13,7,0,0,6,0,0,1,0,26,11,33,
Hickory Creek,"5,760",162,26,99,37,26,4,17,5,0,0,0,0,0,0,0,0,0,0,0,0,0,0,0,1,0,7,1,12,
Hico,"1,407",0,0,0,0,0,0,0,0,0,0,0,0,0,0,0,0,0,0,0,0,0,0,0,0,0,0,0,0,
Hidalgo,"14,660",546,182,318,46,168,18,114,36,0,0,0,0,0,0,0,3,11,5,0,1,5,0,0,0,0,18,0,47,
Highland Park,"8,707",354,28,260,66,27,7,20,0,0,0,0,0,0,0,0,0,1,0,0,1,0,0,0,0,0,25,9,11,
Highland Village,"16,185",476,98,266,112,91,2,66,23,0,0,0,0,0,0,0,1,6,2,0,0,4,0,0,0,0,2,19,28,
Hill Country Village,947,76,8,39,29,8,1,2,5,0,0,0,0,0,0,0,0,0,0,0,0,0,0,0,0,0,7,3,7,
Hillsboro,"8,723",467,133,251,83,123,20,81,22,0,0,0,0,0,0,0,1,9,6,0,0,3,0,0,2,0,15,9,27,
Hitchcock,"7,812",437,158,237,42,140,18,118,4,0,0,0,0,0,0,0,0,18,10,0,0,8,0,0,6,0,24,1,51,
Holiday Lakes,"1,058",27,11,15,1,9,0,7,2,0,0,0,0,0,0,0,0,2,0,1,0,1,0,0,0,0,3,0,4,
Hollywood Park,"3,078",182,12,85,85,12,1,10,1,0,0,0,0,0,0,0,0,0,0,0,0,0,0,0,0,0,5,0,20,
Hondo,"8,800",474,108,243,123,97,12,79,6,1,1,0,0,0,0,0,1,9,4,2,0,3,0,0,0,0,27,5,69,
Honey Grove,"1,783",32,7,20,5,6,0,6,0,0,0,0,0,0,0,0,0,1,1,0,0,0,0,0,0,0,0,1,7,
Hooks,"2,481",95,23,66,6,21,11,5,5,1,0,1,0,0,0,0,0,1,1,0,0,0,0,0,0,0,1,3,9,
Horizon City,"23,662",633,149,366,118,135,12,87,36,0,0,0,0,0,0,0,3,11,3,4,0,4,0,0,1,0,15,7,98,
Horseshoe Bay,"5,009",114,34,60,20,33,4,22,7,0,0,0,0,0,0,0,0,1,1,0,0,0,0,0,0,0,13,2,7,
Houston,"2,304,406","226,706","66,820","145,839","14,047","63,869","16,717","26,216","20,936",365,343,3,19,84,71,13,382,"2,120",781,666,8,665,0,0,373,9,"13,411","3,270","21,367",
Howe,"3,756",71,23,21,27,23,1,13,9,0,0,0,0,0,0,0,0,0,0,0,0,0,0,0,0,0,3,0,0,
Hudson Oaks,"2,661",123,9,105,9,7,3,2,2,1,1,0,0,0,0,0,0,1,1,0,0,0,0,0,0,0,5,5,7,
Humble,"16,143","2,804",423,"2,138",243,391,81,287,23,1,1,0,0,0,0,0,1,30,26,1,1,2,0,0,5,0,107,43,272,
Huntington,"2,067",26,12,11,3,12,1,11,0,0,0,0,0,0,0,0,0,0,0,0,0,0,0,0,0,0,1,1,1,
Huntsville,"48,064","2,209",753,"1,172",284,699,184,452,63,8,7,1,0,1,1,0,2,43,34,1,0,7,1,0,4,0,112,33,162,
Hurst,"39,299","2,414",510,"1,370",534,463,56,363,44,2,2,0,0,0,0,0,7,38,23,0,0,15,0,0,0,0,76,40,140,
Hutchins,"5,641",490,95,360,35,84,22,44,18,0,0,0,0,0,0,0,3,8,6,0,0,2,0,0,0,0,20,0,56,
Hutto,"41,911",888,213,505,170,204,16,172,16,1,1,0,0,0,0,0,0,8,3,2,1,2,0,0,0,0,67,11,58,
Idalou,"2,099",20,7,9,4,7,4,1,2,0,0,0,0,0,0,0,0,0,0,0,0,0,0,0,0,1,0,0,3,
Ingleside,"10,360",488,167,249,72,147,38,77,32,1,1,0,0,0,0,0,4,15,12,0,0,3,0,0,0,0,41,7,51,
Iowa Colony,"13,236",243,112,116,15,109,6,99,4,1,0,1,0,0,0,0,0,2,1,0,0,1,0,0,0,0,13,2,17,
Iowa Park,"6,603",91,32,43,16,29,8,16,5,0,0,0,0,0,0,0,0,3,1,0,0,2,0,0,0,0,7,2,6,
Irving,"255,203","17,130","3,684","10,106","3,340","3,364",447,"2,325",592,16,13,3,0,8,6,2,54,242,89,45,21,87,0,0,7,0,614,183,"2,563",
Italy,"2,086",34,8,24,2,8,5,2,1,0,0,0,0,0,0,0,0,0,0,0,0,0,0,0,0,0,13,0,0,
Itasca,"1,872",10,1,6,3,1,0,1,0,0,0,0,0,0,0,0,0,0,0,0,0,0,0,0,0,0,3,0,1,
Jacinto City,"9,192",475,74,358,43,73,3,69,1,0,0,0,0,0,0,0,0,1,0,0,0,1,0,0,1,0,8,9,55,
Jacksboro,"4,421",99,47,32,20,42,7,27,8,1,0,1,0,0,0,0,0,4,3,0,0,1,0,0,1,0,3,1,9,
Jacksonville,"14,309","1,058",261,502,295,243,52,191,0,3,2,1,0,0,0,0,7,8,4,0,0,4,0,0,0,0,58,22,94,
Jamaica Beach,"1,060",30,2,13,15,1,1,0,0,0,0,0,0,0,0,0,0,1,1,0,0,0,0,0,0,0,1,0,2,
Jarrell,"4,744",152,30,32,90,27,3,22,2,0,0,0,0,0,0,0,0,3,1,0,0,2,0,0,0,0,4,6,3,
Jasper,"7,701",535,132,339,64,126,22,98,6,4,1,3,0,0,0,0,1,1,0,0,0,1,0,0,7,0,50,10,47,
Jefferson,"1,835",62,12,38,12,12,7,5,0,0,0,0,0,0,0,0,0,0,0,0,0,0,0,0,0,0,3,2,6,
Jersey Village,"7,496",475,74,321,80,71,14,54,3,1,1,0,0,0,0,0,0,2,1,0,0,1,0,0,0,0,10,8,52,
Jonestown,"2,674",87,26,48,13,25,2,19,4,0,0,0,0,0,0,0,0,1,0,1,0,0,0,0,0,0,7,0,8,
Josephine,"4,785",93,37,43,13,33,3,16,14,0,0,0,0,0,0,0,0,4,4,0,0,0,0,0,0,0,16,1,13,
Joshua,"9,054",256,54,113,89,48,9,37,2,0,0,0,0,0,0,0,2,4,1,1,0,2,0,0,0,0,12,9,17,
Jourdanton,"4,342",179,72,39,68,70,22,38,10,2,2,0,0,0,0,0,0,0,0,0,0,0,0,0,0,0,4,3,8,
Junction,"2,554",46,21,8,17,20,2,18,0,1,1,0,0,0,0,0,0,0,0,0,0,0,0,0,0,0,1,1,1,
Karnes City,"3,112",117,20,50,47,20,4,10,6,0,0,0,0,0,0,0,0,0,0,0,0,0,0,0,0,0,9,0,18,
Katy,"26,776","2,007",258,"1,381",368,232,28,183,21,0,0,0,0,1,0,1,2,23,17,1,0,5,0,0,0,0,35,29,198,
Kaufman,"8,935",629,81,189,359,76,11,61,4,0,0,0,0,0,0,0,1,4,0,0,0,4,0,0,0,0,13,14,29,
Keene,"6,884",228,64,80,84,58,6,48,4,1,1,0,0,0,0,0,1,4,3,0,0,1,0,0,2,0,14,0,16,
Keller,"45,024",996,202,606,188,187,22,139,26,2,0,2,0,0,0,0,0,13,4,3,0,6,0,0,1,0,44,24,69,
Kemah,"1,783",143,40,84,19,33,4,27,2,0,0,0,0,0,0,0,1,6,5,0,0,1,0,0,0,0,9,0,10,
Kemp,"1,327",100,26,31,43,25,5,10,10,0,0,0,0,0,0,0,0,1,0,0,0,1,0,0,0,0,3,0,6,
Kempner,"1,278",5,1,3,1,0,0,0,0,0,0,0,0,0,0,0,0,1,0,0,0,1,0,0,0,0,2,0,0,
Kenedy,"3,404",144,42,89,13,41,5,35,1,0,0,0,0,0,0,0,0,1,0,0,0,1,0,0,0,0,20,0,19,
Kennedale,"9,781",313,102,116,95,100,14,82,4,0,0,0,0,0,0,0,0,2,2,0,0,0,0,0,0,0,6,2,31,
Kerens,"1,460",40,13,24,3,13,7,6,0,0,0,0,0,0,0,0,0,0,0,0,0,0,0,0,0,0,3,1,2,
Kermit,"5,694",77,41,33,3,39,5,33,1,0,0,0,0,0,0,0,0,2,1,0,0,1,0,0,1,0,6,0,6,
Kerrville,"24,962","1,009",346,334,329,322,33,237,52,2,1,1,0,3,3,0,3,16,6,1,1,8,0,0,0,0,31,25,56,
Kilgore,"13,527","1,576",224,505,847,215,26,151,38,0,0,0,0,0,0,0,4,5,2,1,0,2,0,0,0,0,38,19,40,
Killeen,"161,968","9,178","2,982","4,424","1,772","2,777",605,"1,940",232,10,9,1,0,0,0,0,46,149,84,10,6,49,0,0,7,1,497,81,833,
Kingsville,"24,579","1,678",454,897,327,443,58,360,25,0,0,0,0,0,0,0,0,11,6,0,5,0,0,0,0,0,85,18,244,
Kirby,"8,058",322,84,221,17,80,56,7,17,0,0,0,0,0,0,0,0,4,2,0,0,2,0,0,1,0,22,2,71,
Knox City,"1,024",37,13,21,3,12,3,7,2,0,0,0,0,0,0,0,0,1,1,0,0,0,0,0,1,0,5,1,3,
Kountze,"2,258",57,21,21,15,20,4,16,0,0,0,0,0,0,0,0,0,1,0,0,0,1,0,0,0,0,10,1,3,
Kyle,"63,931","2,226",677,"1,018",531,634,124,454,56,0,0,0,0,0,0,0,19,24,13,3,5,3,0,0,0,1,45,31,177,
Lacy-Lakeview,"7,333",404,137,147,120,127,21,100,6,6,3,3,0,0,0,0,1,3,2,1,0,0,0,0,1,0,25,3,33,
La Feria,"6,790",343,81,158,104,78,22,50,6,0,0,0,0,0,0,0,2,1,0,0,0,1,0,0,1,0,13,4,18,
Lago Vista,"10,066",216,74,127,15,66,9,51,6,0,0,0,0,0,0,0,1,7,3,2,2,0,0,0,0,0,6,5,32,
La Grange,"4,478",241,69,139,33,64,6,47,11,0,0,0,0,0,0,0,0,5,2,0,0,3,0,0,0,0,16,2,28,
La Grulla,"1,203",37,16,21,0,14,4,9,1,0,0,0,0,0,0,0,0,2,2,0,0,0,0,0,0,0,5,0,5,
Laguna Vista,"3,754",76,16,55,5,15,2,13,0,0,0,0,0,0,0,0,0,1,1,0,0,0,0,0,0,0,7,1,14,
La Joya,"4,748",113,38,52,23,37,21,7,9,0,0,0,0,0,0,0,0,1,1,0,0,0,0,0,1,0,11,1,15,
Lake Dallas,"7,885",156,61,79,16,58,7,48,3,0,0,0,0,0,0,0,0,3,1,0,0,1,1,0,0,0,8,4,19,
Lake Jackson,"27,432","1,207",431,681,95,403,51,319,33,1,1,0,0,0,0,0,9,18,11,1,0,6,0,0,0,0,44,23,83,
Lakeport,992,2,1,1,0,1,0,1,0,0,0,0,0,0,0,0,0,0,0,0,0,0,0,0,0,0,1,0,0,
Lakeside,"1,592",37,7,26,4,7,2,4,1,0,0,0,0,0,0,0,0,0,0,0,0,0,0,0,0,0,3,0,2,
Lakeview Harrison County,"6,633",215,56,87,72,53,6,36,11,0,0,0,0,0,0,0,0,3,3,0,0,0,0,0,0,0,8,4,16,
Lakeway,"19,519",577,89,314,174,83,9,62,12,0,0,0,0,0,0,0,1,5,4,0,0,1,0,0,1,0,31,26,33,
Lake Worth,"4,652",793,82,539,172,77,13,52,12,0,0,0,0,0,0,0,1,4,4,0,0,0,0,0,0,0,21,11,41,
La Marque,"19,503","1,286",520,553,213,483,62,328,93,4,4,0,0,0,0,0,2,31,22,0,0,9,0,0,2,0,73,12,83,
Lamesa,"8,300",332,131,132,69,118,22,72,24,2,0,2,0,0,0,0,5,6,4,0,0,2,0,0,2,0,32,7,26,
Lampasas,"7,894",737,232,355,150,219,20,147,52,1,1,0,0,0,0,0,0,12,6,1,0,5,0,0,0,0,13,7,87,
Lancaster,"40,292","2,476",602,"1,670",204,580,164,374,42,5,4,1,0,0,0,0,1,16,6,1,0,9,0,0,4,1,140,8,328,
La Porte,"37,221","1,466",576,477,413,554,61,459,34,1,0,1,0,0,0,0,0,21,6,1,0,14,0,0,2,0,55,12,24,
Laredo,"256,542","10,569","3,742","5,514","1,313","3,479",869,"1,644",966,11,10,1,0,4,0,4,53,195,100,22,7,66,0,0,36,2,452,55,"1,096",
La Vernia,"1,315",130,10,55,65,8,0,8,0,0,0,0,0,0,0,0,0,2,2,0,0,0,0,0,0,0,1,5,6,
La Villa,"3,091",141,51,84,6,51,15,34,2,0,0,0,0,0,0,0,0,0,0,0,0,0,0,0,0,0,3,0,22,
Lavon,"7,814",203,65,117,21,62,24,35,3,0,0,0,0,0,0,0,0,3,3,0,0,0,0,0,0,0,33,1,15,
League City,"115,791","4,082","1,069","2,404",609,"1,020",82,844,94,6,4,2,0,0,0,0,1,42,25,4,1,12,0,0,0,1,136,69,258,
Leander,"82,228","1,813",648,"1,007",158,588,26,523,39,1,0,1,0,0,0,0,9,50,24,2,0,24,0,0,3,1,75,16,152,
Leon Valley,"11,370","1,557",290,946,321,282,49,187,46,0,0,0,0,0,0,0,0,8,5,2,0,1,0,0,1,1,47,27,160,
Levelland,"12,194",526,145,272,109,134,67,47,20,2,1,1,0,0,0,0,2,7,4,0,1,2,0,0,1,0,57,24,63,
Lewisville,"133,694","6,120","1,463","3,702",955,"1,368",186,947,235,9,8,1,0,1,1,0,14,71,19,3,40,9,0,0,3,0,186,89,376,
Lexington,"1,300",23,5,9,9,4,0,2,2,0,0,0,0,0,0,0,0,1,1,0,0,0,0,0,0,0,0,0,3,
Liberty,"8,808",407,124,257,26,120,30,61,29,0,0,0,0,0,0,0,0,4,3,0,0,1,0,0,1,2,19,27,28,
Liberty Hill,"7,018",158,44,73,41,42,3,36,3,0,0,0,0,0,0,0,0,2,1,0,0,1,0,0,0,0,10,3,11,
Lindale,"6,953",221,43,142,36,40,10,23,7,0,0,0,0,0,0,0,0,3,2,0,0,1,0,0,1,0,3,9,19,
Little Elm,"59,954","1,289",505,492,292,447,80,280,87,1,1,0,0,1,1,0,2,54,37,1,0,16,0,0,2,0,23,17,73,
Littlefield,"5,707",237,63,135,39,63,10,8,45,0,0,0,0,0,0,0,0,0,0,0,0,0,0,0,1,0,25,5,31,
Live Oak,"16,020","1,552",162,"1,002",388,146,9,107,30,0,0,0,0,0,0,0,1,15,11,1,0,2,1,0,0,0,67,12,82,
Livingston,"5,813",712,198,390,124,188,29,137,22,0,0,0,0,0,0,0,0,10,3,2,1,4,0,0,0,0,19,12,36,
Llano,"3,564",80,24,53,3,24,2,21,1,0,0,0,0,0,0,0,0,0,0,0,0,0,0,0,0,0,8,1,4,
Lockhart,"15,310",513,112,294,107,107,6,100,1,0,0,0,0,0,0,0,0,5,2,0,0,3,0,0,0,0,98,9,44,
Log Cabin,819,23,7,11,5,7,1,5,1,0,0,0,0,0,0,0,0,0,0,0,0,0,0,0,0,0,0,1,0,
Lone Star,"1,403",33,16,15,2,16,3,13,0,0,0,0,0,0,0,0,0,0,0,0,0,0,0,0,0,0,2,0,5,
Longview,"82,981","5,531","1,379","3,175",977,"1,291",253,704,334,12,9,2,1,0,0,0,8,68,42,4,0,22,0,0,1,0,297,131,566,
Lorena,"1,779",97,31,30,36,29,7,4,18,1,0,1,0,0,0,0,0,1,0,0,0,1,0,0,0,0,1,1,3,
Los Fresnos,"8,260",448,85,162,201,82,61,10,11,0,0,0,0,0,0,0,0,3,2,1,0,0,0,0,0,0,11,5,19,
Lubbock,"266,960","25,769","7,581","14,787","3,401","7,135","1,687","4,416","1,032",24,16,5,3,6,6,0,55,361,173,59,30,99,0,0,83,5,"1,638",467,"2,565",
Lufkin,"34,193","2,846",751,"1,574",521,682,135,485,62,4,2,2,0,2,2,0,5,58,34,3,2,19,0,0,2,0,134,70,256,
Luling,"5,528",241,64,127,50,62,14,37,11,0,0,0,0,0,0,0,0,2,1,0,0,1,0,0,0,0,11,8,14,
Lumberton,"14,264",390,115,151,124,108,11,84,13,0,0,0,0,1,1,0,0,6,2,1,0,3,0,0,0,0,17,8,16,
Lyford,"2,237",42,10,32,0,8,3,5,0,0,0,0,0,0,0,0,0,2,0,1,0,1,0,0,0,0,1,0,6,
Lytle,"3,120",215,15,138,62,13,1,12,0,0,0,0,0,0,0,0,0,2,0,0,0,2,0,0,0,0,16,5,35,
Madisonville,"4,638",180,43,110,27,39,10,22,7,0,0,0,0,0,0,0,3,1,1,0,0,0,0,0,0,0,13,2,14,
Magnolia,"3,921",116,21,45,50,20,2,17,1,0,0,0,0,0,0,0,0,1,1,0,0,0,0,0,0,0,11,1,6,
Manor,"22,185",766,136,550,80,130,23,79,28,2,2,0,0,0,0,0,3,1,1,0,0,0,0,0,3,0,40,4,132,
Mansfield,"78,788","2,176",366,"1,580",230,341,63,219,59,1,1,0,0,0,0,0,0,24,15,0,0,9,0,0,3,0,102,34,155,
Manvel,"17,817",402,117,183,102,106,14,86,6,0,0,0,0,0,0,0,1,10,9,0,0,1,0,0,1,0,32,3,22,
Marble Falls,"7,598",614,171,251,192,158,21,118,19,0,0,0,0,0,0,0,0,13,13,0,0,0,0,0,1,0,22,6,49,
Marfa,"1,695",27,7,4,16,5,1,4,0,0,0,0,0,0,0,0,0,2,0,0,0,2,0,0,0,0,0,0,2,
Marion,"1,077",9,1,3,5,1,0,1,0,0,0,0,0,0,0,0,0,0,0,0,0,0,0,0,0,0,2,1,0,
Marlin,"5,488",228,62,72,94,56,20,31,5,0,0,0,0,0,0,0,1,5,3,0,1,1,0,0,1,0,23,2,18,
Marshall,"23,790","1,098",353,625,120,339,90,190,59,2,2,0,0,0,0,0,1,11,7,1,0,3,0,0,0,0,133,22,114,
Mathis,"4,262",277,66,123,88,66,16,49,1,0,0,0,0,0,0,0,0,0,0,0,0,0,0,0,1,0,20,0,37,
Maud,969,0,0,0,0,0,0,0,0,0,0,0,0,0,0,0,0,0,0,0,0,0,0,0,0,0,0,0,0,
Maypearl,953,0,0,0,0,0,0,0,0,0,0,0,0,0,0,0,0,0,0,0,0,0,0,0,0,0,0,0,0,
McAllen,"145,684","8,492","2,690","4,308","1,494","2,581",118,"1,905",558,8,7,1,0,1,1,0,5,95,40,6,6,43,0,0,3,0,163,75,904,
McKinney,"212,716","4,733","1,199","3,080",454,"1,120",156,885,79,5,5,0,0,0,0,0,8,66,20,19,1,26,0,0,7,0,169,80,505,
Meadows Place,"4,598",175,20,132,23,19,1,15,3,0,0,0,0,0,0,0,0,1,1,0,0,0,0,0,0,0,8,1,9,
Melissa,"22,495",265,72,115,78,71,7,56,8,1,0,1,0,0,0,0,0,0,0,0,0,0,0,0,0,0,16,0,10,
Memorial Villages,"11,121",187,12,143,32,11,1,10,0,1,1,0,0,0,0,0,0,0,0,0,0,0,0,0,0,0,5,6,19,
Mercedes,"16,949","1,424",446,826,152,425,63,245,117,0,0,0,0,0,0,0,0,21,11,5,1,4,0,0,3,0,39,10,174,
Meridian,"1,427",29,13,9,7,12,1,8,3,0,0,0,0,0,0,0,0,1,0,0,0,1,0,0,0,0,0,1,2,
Merkel,"2,409",35,10,19,6,7,3,3,1,0,0,0,0,0,0,0,0,3,2,1,0,0,0,0,0,0,1,2,6,
Mesquite,"147,926","12,014","2,953","7,302","1,759","2,848",549,"1,910",389,9,5,1,3,0,0,0,19,77,38,10,7,22,0,0,10,2,437,76,831,
Mexia,"6,858",204,80,90,34,71,25,33,13,0,0,0,0,0,0,0,1,8,2,1,0,5,0,0,1,0,16,1,12,
Midland,"135,253","7,744","2,785","3,691","1,268","2,654",445,"2,021",188,7,7,0,0,0,0,0,26,98,78,5,3,12,0,0,4,1,368,109,727,
Midlothian,"40,287","1,506",401,732,373,385,32,308,45,0,0,0,0,0,0,0,3,13,6,1,0,6,0,0,3,0,30,10,141,
Miles,924,2,1,1,0,1,0,1,0,0,0,0,0,0,0,0,0,0,0,0,0,0,0,0,0,0,0,1,0,
Milford,748,23,7,2,14,7,3,4,0,0,0,0,0,0,0,0,0,0,0,0,0,0,0,0,0,0,0,0,0,
Mineola,"5,093",283,45,117,121,42,7,28,7,0,0,0,0,0,0,0,1,2,1,0,0,1,0,0,0,0,4,2,11,
Mineral Wells,"15,347",992,255,682,55,231,31,158,42,0,0,0,0,0,0,0,2,22,22,0,0,0,0,0,2,0,145,24,149,
Mission,"87,031","3,588","1,323","1,510",755,"1,264",137,740,387,1,1,0,0,0,0,0,5,53,19,8,0,26,0,0,5,0,100,36,136,
Missouri City,"77,560","1,864",621,990,253,577,83,439,55,1,1,0,0,0,0,0,3,40,22,6,0,12,0,0,4,0,48,15,126,
Monahans,"7,073",326,110,175,41,99,30,60,9,0,0,0,0,0,0,0,0,11,5,0,1,5,0,0,3,0,28,1,24,
Mont Belvieu,"9,539",456,95,268,93,88,14,46,28,0,0,0,0,0,0,0,1,6,4,0,2,0,0,0,0,1,16,13,39,
Montgomery,"2,700",157,23,55,79,21,1,18,2,0,0,0,0,0,0,0,0,2,1,0,0,1,0,0,0,0,2,5,3,
Morgans Point Resort,"4,829",101,20,34,47,18,1,12,5,0,0,0,0,0,0,0,0,2,2,0,0,0,0,0,0,0,3,2,8,
Moulton,856,5,3,2,0,2,0,2,0,0,0,0,0,0,0,0,0,1,1,0,0,0,0,0,0,0,0,0,0,
Mount Enterprise,508,11,2,1,8,2,0,2,0,0,0,0,0,0,0,0,0,0,0,0,0,0,0,0,0,0,0,0,1,
Mount Pleasant,"15,970","1,042",228,485,329,206,54,110,42,4,3,1,0,0,0,0,0,18,11,1,0,6,0,0,1,0,31,32,66,
Mount Vernon,"2,565",65,24,26,15,22,2,20,0,0,0,0,0,0,0,0,1,1,1,0,0,0,0,0,0,0,4,6,2,
Muleshoe,"5,016",87,45,35,7,42,4,24,14,0,0,0,0,0,0,0,0,3,0,0,0,3,0,0,0,0,12,1,7,
Murphy,"21,218",377,143,189,45,134,7,92,35,2,2,0,0,0,0,0,1,6,3,2,0,1,0,0,0,0,9,4,9,
Nacogdoches,"31,936","2,010",668,802,540,623,42,512,69,4,4,0,0,0,0,0,9,32,25,1,0,6,0,0,1,0,73,29,130,
Nash,"4,352",110,29,41,40,24,9,14,1,4,4,0,0,0,0,0,0,1,0,0,1,0,0,0,1,0,2,5,7,
Nassau Bay,"5,086",266,46,161,59,38,4,27,7,0,0,0,0,0,0,0,0,8,5,1,0,2,0,0,0,0,26,8,38,
Natalia,"1,363",49,15,20,14,14,6,8,0,0,0,0,0,0,0,0,0,1,0,0,0,1,0,0,0,0,3,0,6,
Navasota,"8,784",680,227,250,203,203,56,125,22,1,1,0,0,0,0,0,7,16,13,0,0,3,0,0,0,0,28,6,51,
Nederland,"17,881",686,210,358,118,197,35,95,67,0,0,0,0,0,0,0,1,12,9,0,0,3,0,0,0,0,27,14,68,
Needville,"3,093",61,23,34,4,20,3,13,4,1,1,0,0,0,0,0,0,2,1,0,0,1,0,0,0,0,0,0,1,
New Boston,"4,515",322,75,214,33,73,11,47,15,0,0,0,0,0,0,0,0,2,0,0,0,2,0,0,2,0,23,11,28,
New Braunfels,"111,942","4,184","1,071","2,178",935,"1,037",117,882,38,1,0,1,0,0,0,0,1,32,12,5,5,10,0,0,1,0,182,80,385,
New London,984,17,4,8,5,2,2,0,0,0,0,0,0,0,0,0,1,1,0,1,0,0,0,0,1,0,4,0,1,
Newton,"1,571",46,13,31,2,11,7,4,0,0,0,0,0,0,0,0,0,2,2,0,0,0,0,0,0,0,12,1,5,
Nolanville,"7,164",157,52,80,25,46,6,26,14,1,1,0,0,0,0,0,0,5,1,1,0,3,0,0,0,0,17,0,12,
Northeast,"4,132",25,3,7,15,3,0,3,0,0,0,0,0,0,0,0,0,0,0,0,0,0,0,0,0,0,0,1,1,
Northlake,"11,186",302,81,174,47,70,8,43,19,1,1,0,0,0,0,0,4,6,3,1,0,2,0,0,0,1,14,5,16,
North Richland Hills,"70,853","3,644",795,"2,146",703,736,90,534,112,1,1,0,0,0,0,0,12,46,29,2,1,14,0,0,3,0,171,68,147,
Oak Ridge Kaufman County,"1,307",4,0,4,0,0,0,0,0,0,0,0,0,0,0,0,0,0,0,0,0,0,0,0,0,0,3,0,0,
Oak Ridge North,"2,968",203,32,83,88,32,2,25,5,0,0,0,0,0,0,0,0,0,0,0,0,0,0,0,0,0,3,8,4,
Odem,"2,246",5,0,4,1,0,0,0,0,0,0,0,0,0,0,0,0,0,0,0,0,0,0,0,0,0,1,0,0,
Odessa,"111,922","6,601","2,616","2,985","1,000","2,524",346,"2,073",105,9,7,2,0,2,2,0,4,77,38,4,0,35,0,0,13,1,284,99,536,
Olmos Park,"2,158",159,5,82,72,5,2,3,0,0,0,0,0,0,0,0,0,0,0,0,0,0,0,0,0,0,11,1,24,
Olney,"3,003",95,24,19,52,23,4,19,0,0,0,0,0,0,0,0,0,1,0,0,0,1,0,0,0,0,3,3,2,
Onalaska,"3,276",223,80,93,50,75,14,55,6,0,0,0,0,0,0,0,1,4,3,1,0,0,0,0,1,0,11,6,17,
Orange,"18,978",833,226,433,174,204,67,117,20,2,2,0,0,0,0,0,3,17,12,0,0,5,0,0,2,0,87,7,71,
Overton,"2,306",104,34,38,32,32,3,28,1,0,0,0,0,0,0,0,0,2,1,1,0,0,0,0,0,0,7,0,10,
Ovilla,"4,440",43,11,26,6,11,1,5,5,0,0,0,0,0,0,0,0,0,0,0,0,0,0,0,0,1,2,1,1,
Oyster Creek,"1,210",67,32,32,3,31,1,27,3,0,0,0,0,0,0,0,0,1,1,0,0,0,0,0,0,0,12,2,6,
Palacios,"4,336",165,38,105,22,37,15,5,17,0,0,0,0,0,0,0,0,1,1,0,0,0,0,0,1,0,13,2,27,
Palestine,"19,190","1,025",341,432,252,310,61,194,55,1,1,0,0,1,0,1,5,24,16,3,0,5,0,0,8,0,49,15,51,
Palmer,"2,522",53,11,29,13,9,0,9,0,0,0,0,0,0,0,0,1,1,0,0,1,0,0,0,0,0,2,3,7,
Palmhurst,"2,586",272,17,240,15,16,1,15,0,0,0,0,0,0,0,0,1,0,0,0,0,0,0,0,0,0,1,2,11,
Palmview,"15,877",564,200,306,58,195,47,116,32,0,0,0,0,0,0,0,3,2,2,0,0,0,0,0,1,0,55,5,64,
Pampa,"16,500",982,315,521,146,297,69,174,54,1,1,0,0,0,0,0,3,14,9,1,0,4,0,0,3,0,69,26,108,
Pantego,"2,472",104,19,70,15,15,12,3,0,0,0,0,0,0,0,0,3,1,1,0,0,0,0,0,0,0,8,3,7,
Paris,"24,793","2,087",845,962,280,803,113,518,172,1,1,0,0,0,0,0,4,37,21,4,1,11,0,0,3,0,140,38,174,
Parker,"6,367",83,23,50,10,23,1,10,12,0,0,0,0,0,0,0,0,0,0,0,0,0,0,0,0,0,2,0,12,
Pasadena,"145,850","9,373","2,919","5,574",880,"2,733",633,"1,596",504,12,11,1,0,0,0,0,8,166,116,16,1,33,0,0,11,0,443,130,916,
Patton Village,"1,883",88,24,26,38,23,7,14,2,0,0,0,0,0,0,0,0,1,0,0,0,1,0,0,0,0,3,1,5,
Payne Springs,753,6,1,5,0,1,0,1,0,0,0,0,0,0,0,0,0,0,0,0,0,0,0,0,0,0,2,0,0,
Pearland,"127,433","5,508","1,120","3,007","1,381","1,074",84,891,99,2,2,0,0,0,0,0,7,37,19,2,2,14,0,0,2,0,134,89,251,
Pearsall,"8,926",288,93,181,14,92,25,62,5,0,0,0,0,0,0,0,0,1,1,0,0,0,0,0,0,0,47,5,63,
Pecos,"10,335",231,96,106,29,91,76,10,5,1,1,0,0,0,0,0,0,4,3,0,0,1,0,0,0,0,11,5,24,
Penitas,"6,278",126,43,82,1,41,9,31,1,0,0,0,0,0,0,0,0,2,0,0,0,2,0,0,0,0,4,0,10,
Perryton,"7,994",178,73,82,23,62,24,31,7,0,0,0,0,0,0,0,5,6,4,0,1,1,0,0,0,0,11,3,26,
Petersburg,971,3,3,0,0,3,1,2,0,0,0,0,0,0,0,0,0,0,0,0,0,0,0,0,0,0,0,0,0,
Pflugerville,"65,599","2,658",409,"1,589",660,372,74,272,26,1,1,0,0,0,0,0,2,34,25,4,0,5,0,0,0,1,72,16,281,
Pharr,"80,359","3,386","1,060","1,767",559,975,147,739,89,2,2,0,0,0,0,0,15,68,27,2,2,37,0,0,2,0,180,13,298,
Pilot Point,"5,142",137,39,72,26,36,3,32,1,0,0,0,0,0,0,0,0,3,0,1,0,2,0,0,1,0,6,4,8,
Pinehurst,"2,199",67,15,50,2,15,11,0,4,0,0,0,0,0,0,0,0,0,0,0,0,0,0,0,0,0,1,3,11,
Pineland,903,2,0,2,0,0,0,0,0,0,0,0,0,0,0,0,0,0,0,0,0,0,0,0,0,0,0,0,1,
Pittsburg,"4,465",167,42,81,44,40,13,21,6,0,0,0,0,0,0,0,0,2,1,0,1,0,0,0,2,0,11,2,14,
Plainview,"19,335","1,111",272,699,140,256,45,209,2,0,0,0,0,0,0,0,0,16,2,5,7,2,0,0,1,0,63,50,187,
Plano,"291,140","12,473","2,228","7,563","2,682","2,055",282,"1,513",260,4,3,1,0,0,0,0,34,135,52,26,23,34,0,0,13,0,506,206,93,
Pleasanton,"11,169",762,182,393,187,173,9,139,25,1,1,0,0,0,0,0,0,8,3,1,1,3,0,0,0,0,26,9,105,
Ponder,"2,655",19,8,10,1,5,0,2,3,0,0,0,0,0,0,0,0,3,3,0,0,0,0,0,0,0,1,0,0,
Port Aransas,"3,468",538,150,250,138,142,10,113,19,0,0,0,0,0,0,0,0,8,5,0,0,3,0,0,0,0,11,3,40,
Port Arthur,"55,371","3,252","1,214","1,444",594,"1,143",323,711,109,8,7,1,0,0,0,0,7,56,40,3,2,11,0,0,1,1,256,32,255,
Port Isabel,"5,152",419,90,185,144,87,10,72,5,0,0,0,0,0,0,0,0,3,2,0,0,1,0,0,1,0,11,3,23,
Portland,"20,345",882,234,437,211,225,19,195,11,1,0,1,0,0,0,0,1,7,3,0,0,4,0,0,1,0,24,13,50,
Port Lavaca,"11,137",341,99,170,72,78,19,35,24,1,0,1,0,0,0,0,1,19,13,0,0,6,0,0,0,0,27,8,25,
Port Neches,"13,582",434,201,187,46,188,35,126,27,1,1,0,0,0,0,0,1,11,7,0,0,4,0,0,0,0,15,14,40,
Poteet,"3,024",85,16,55,14,16,1,14,1,0,0,0,0,0,0,0,0,0,0,0,0,0,0,0,0,0,10,0,6,
Poth,"1,955",32,7,12,13,7,1,5,1,0,0,0,0,0,0,0,0,0,0,0,0,0,0,0,0,0,1,2,1,
Prairie View,"8,535",179,46,122,11,42,11,31,0,0,0,0,0,0,0,0,2,2,2,0,0,0,0,0,0,0,29,1,51,
Premont,"2,419",42,26,11,5,26,10,15,1,0,0,0,0,0,0,0,0,0,0,0,0,0,0,0,0,0,5,0,2,
Presidio,"3,133",9,7,0,2,5,3,2,0,0,0,0,0,0,0,0,0,2,1,0,0,1,0,0,0,0,0,0,0,
Primera,"5,298",74,25,16,33,24,3,21,0,0,0,0,0,0,0,0,0,1,1,0,0,0,0,0,0,0,1,0,0,
Princeton,"26,171",646,244,249,153,213,25,157,31,1,1,0,0,2,2,0,1,27,24,1,0,2,0,0,1,0,23,3,36,
Prosper,"41,777","1,068",162,637,269,152,7,121,24,0,0,0,0,0,0,0,0,10,4,3,0,3,0,0,1,0,67,16,49,
Queen City,"1,389",30,11,16,3,9,2,7,0,0,0,0,0,0,0,0,0,2,2,0,0,0,0,0,0,0,2,1,0,
Quitman,"1,998",25,3,11,11,3,1,2,0,0,0,0,0,0,0,0,0,0,0,0,0,0,0,0,0,0,4,1,1,
Rancho Viejo,"2,864",24,5,13,6,3,1,2,0,0,0,0,0,0,0,0,0,2,2,0,0,0,0,0,0,0,0,1,0,
Ranger,"2,276",86,19,34,33,19,1,14,4,0,0,0,0,0,0,0,0,0,0,0,0,0,0,0,1,0,10,0,5,
Raymondville,"10,130",753,302,384,67,281,38,154,89,4,4,0,0,0,0,0,5,12,3,0,0,9,0,0,3,0,62,1,104,
Red Oak,"19,134",659,162,401,96,148,18,104,26,1,1,0,0,0,0,0,0,13,10,0,0,3,0,0,2,0,25,8,68,
Refugio,"2,774",123,34,67,22,33,7,25,1,0,0,0,0,0,0,0,0,1,1,0,0,0,0,0,1,0,12,3,13,
Reno Lamar County,"3,481",106,25,66,15,24,3,17,4,0,0,0,0,0,0,0,0,1,1,0,0,0,0,0,0,0,7,2,3,
Reno Parker County,"3,481",72,12,41,19,11,7,4,0,0,0,0,0,0,0,0,0,1,1,0,0,0,0,0,0,0,9,0,6,
Rhome,"1,881",94,26,49,19,25,9,16,0,1,0,1,0,0,0,0,0,0,0,0,0,0,0,0,0,0,9,1,7,
Rice,"1,255",56,7,30,19,7,1,5,1,0,0,0,0,0,0,0,0,0,0,0,0,0,0,0,0,0,2,0,6,
Richardson,"119,008","4,848",642,"3,083","1,123",588,82,466,40,6,4,2,0,0,0,0,8,40,13,7,5,15,0,0,5,0,285,53,329,
Richland,277,50,12,8,30,12,8,3,1,0,0,0,0,0,0,0,0,0,0,0,0,0,0,0,0,0,1,0,1,
Richland Hills,"8,315",744,175,353,216,153,28,98,27,2,2,0,0,0,0,0,8,12,9,1,0,2,0,0,0,1,52,19,59,
Richmond,"13,017",644,169,409,66,155,31,101,23,3,3,0,0,0,0,0,7,4,2,0,1,1,0,0,0,0,34,29,51,
Richwood,"4,748",115,37,74,4,34,0,28,6,0,0,0,0,0,0,0,0,3,3,0,0,0,0,0,0,0,4,0,12,
Rio Grande City,"15,253",514,41,432,41,38,21,17,0,0,0,0,0,0,0,0,2,1,0,0,0,1,0,0,3,0,48,2,84,
Rio Hondo,"2,261",84,29,41,14,25,11,13,1,0,0,0,0,0,0,0,0,4,1,0,2,0,1,0,0,0,5,0,3,
River Oaks,"7,349",269,51,143,75,45,18,20,7,0,0,0,0,0,0,0,0,6,3,1,0,2,0,0,0,0,18,3,24,
Roanoke,"10,036",543,48,276,219,45,2,37,6,0,0,0,0,0,0,0,0,3,3,0,0,0,0,0,0,0,14,6,21,
Robinson,"13,158",407,170,167,70,156,14,95,47,1,1,0,0,0,0,0,7,6,1,1,1,2,1,0,0,0,20,4,33,
Robstown,"10,198",755,230,372,153,223,30,169,24,2,2,0,0,0,0,0,1,4,2,1,1,0,0,0,0,0,99,6,54,
Rockdale,"5,631",228,65,78,85,65,28,28,9,0,0,0,0,0,0,0,0,0,0,0,0,0,0,0,0,0,12,8,9,
Rockport,"11,003",611,184,322,105,158,35,105,18,4,1,3,0,0,0,0,5,17,12,2,0,3,0,0,2,0,52,9,43,
Rockwall,"53,433","1,798",400,"1,059",339,385,39,263,83,0,0,0,0,0,0,0,5,10,7,0,0,3,0,0,0,0,38,33,93,
Rogers,"1,109",0,0,0,0,0,0,0,0,0,0,0,0,0,0,0,0,0,0,0,0,0,0,0,0,0,0,0,0,
Rollingwood,"1,408",54,5,46,3,5,0,0,5,0,0,0,0,0,0,0,0,0,0,0,0,0,0,0,0,0,1,4,10,
Roma,"11,503",406,174,152,80,170,22,83,65,0,0,0,0,0,0,0,0,4,3,0,0,1,0,0,1,0,16,7,30,
Roman Forest,"2,279",221,61,136,24,59,10,36,13,0,0,0,0,0,0,0,0,2,1,1,0,0,0,0,1,0,20,2,28,
Roscoe,"1,226",7,2,4,1,2,1,1,0,0,0,0,0,0,0,0,0,0,0,0,0,0,0,0,0,0,0,1,0,
Rose City,341,24,5,15,4,5,0,5,0,0,0,0,0,0,0,0,0,0,0,0,0,0,0,0,0,0,3,1,0,
Rosenberg,"41,900","2,164",754,904,506,727,57,644,26,1,1,0,0,0,0,0,0,26,20,0,0,6,0,0,1,0,67,61,113,
Round Rock,"129,898","6,170","1,436","4,038",696,"1,370",114,"1,251",5,3,2,1,0,0,0,0,25,38,36,2,0,0,0,0,5,0,212,75,499,
Rowlett,"66,671","2,491",755,"1,416",320,716,104,492,120,3,3,0,0,2,2,0,0,34,19,3,3,9,0,0,4,0,94,15,219,
Royse City,"23,763",815,151,461,203,131,31,86,14,1,1,0,0,1,0,1,1,17,8,2,1,6,0,0,0,1,53,14,35,
Runaway Bay,"1,961",17,4,11,2,4,1,3,0,0,0,0,0,0,0,0,0,0,0,0,0,0,0,0,0,0,4,0,0,
Rusk,"5,504",256,89,124,43,84,14,50,20,1,0,1,0,0,0,0,0,4,0,0,0,4,0,0,0,0,22,6,25,
Sabinal,"1,387",39,12,4,23,12,0,11,1,0,0,0,0,0,0,0,0,0,0,0,0,0,0,0,0,0,1,0,0,
Sachse,"32,671",726,221,427,78,212,11,154,47,0,0,0,0,0,0,0,0,9,1,0,1,7,0,0,0,0,37,9,70,
Saginaw,"26,007",855,214,493,148,194,23,128,43,2,1,1,0,0,0,0,1,17,12,1,1,3,0,0,0,0,31,7,90,
Salado,"2,406",19,5,10,4,5,0,4,1,0,0,0,0,0,0,0,0,0,0,0,0,0,0,0,0,0,3,0,1,
San Angelo,"98,642","7,562","2,303","4,174","1,085","2,233",214,"1,840",179,5,5,0,0,0,0,0,22,43,32,2,4,5,0,0,6,0,382,85,911,
San Antonio,"1,490,047","158,763","33,617","112,794","12,352","31,033","6,946","20,075","4,012",187,163,11,13,21,16,5,109,"2,267",910,216,332,809,0,0,232,7,"7,704","1,821","18,300",
San Augustine,"1,868",54,16,17,21,16,4,12,0,0,0,0,0,0,0,0,0,0,0,0,0,0,0,0,0,0,6,0,3,
San Benito,"24,578","1,427",251,"1,058",118,246,63,142,41,0,0,0,0,3,1,2,1,1,0,0,0,0,1,0,1,0,92,13,155,
San Elizario,"10,145",34,18,14,2,18,1,15,2,0,0,0,0,0,0,0,0,0,0,0,0,0,0,0,0,0,5,0,1,
Sanger,"10,144",284,89,152,43,85,8,63,14,0,0,0,0,0,0,0,0,4,2,0,0,2,0,0,1,0,12,18,19,
San Juan,"36,008","1,394",481,833,80,433,95,253,85,3,2,1,0,4,4,0,4,37,0,0,0,37,0,0,0,0,108,19,179,
San Marcos,"71,413","4,002","1,355","2,327",320,"1,236",223,812,201,3,3,0,0,1,1,0,33,82,45,9,4,24,0,0,4,1,231,39,344,
San Saba,"3,135",45,11,17,17,8,1,6,1,0,0,0,0,0,0,0,0,3,1,1,0,1,0,0,1,0,0,2,6,
Sansom Park Village,"5,315",308,60,200,48,54,21,21,12,0,0,0,0,0,0,0,3,3,2,0,0,1,0,0,0,0,33,3,43,
Santa Anna,"1,045",30,4,5,21,3,0,3,0,0,0,0,0,0,0,0,0,1,1,0,0,0,0,0,0,0,2,1,0,
Santa Fe,"12,883",259,75,126,58,68,12,45,11,0,0,0,0,0,0,0,0,7,7,0,0,0,0,0,0,0,14,8,10,
Schertz,"43,461","1,101",351,578,172,334,55,189,90,0,0,0,0,0,0,0,1,16,7,0,2,7,0,0,3,0,51,35,24,
Schulenburg,"2,758",119,27,54,38,24,17,3,4,0,0,0,0,0,0,0,0,3,3,0,0,0,0,0,0,0,2,4,5,
Seabrook,"13,770",497,189,247,61,175,11,134,30,0,0,0,0,0,0,0,2,12,6,2,0,4,0,0,0,0,23,5,55,
Seadrift,997,14,0,8,6,0,0,0,0,0,0,0,0,0,0,0,0,0,0,0,0,0,0,0,0,0,1,1,1,
Seagoville,"20,098",645,111,462,72,101,35,56,10,0,0,0,0,0,0,0,2,8,3,1,2,2,0,0,2,0,55,3,107,
Sealy,"7,019",210,31,125,54,25,7,15,3,0,0,0,0,0,0,0,0,6,2,0,0,4,0,0,0,0,19,10,27,
Seguin,"35,581","2,177",725,"1,066",386,659,62,546,51,5,5,0,0,27,3,24,2,32,15,0,0,17,0,0,1,0,85,21,210,
Selma,"11,871",648,101,421,126,93,23,60,10,2,1,1,0,0,0,0,0,6,3,0,0,3,0,0,1,1,15,20,25,
Seminole,"7,182",342,96,124,122,93,16,73,4,0,0,0,0,0,0,0,2,1,0,0,0,1,0,0,0,0,17,1,34,
Seven Points,"1,464",61,25,32,4,24,6,11,7,0,0,0,0,0,0,0,0,1,1,0,0,0,0,0,0,0,6,2,7,
Seymour,"2,578",24,10,9,5,10,3,6,1,0,0,0,0,0,0,0,0,0,0,0,0,0,0,0,0,0,3,0,1,
Shallowater,"2,923",32,10,21,1,10,4,5,1,0,0,0,0,0,0,0,0,0,0,0,0,0,0,0,0,0,3,1,4,
Shavano Park,"3,672",101,10,69,22,10,0,9,1,0,0,0,0,0,0,0,0,0,0,0,0,0,0,0,0,0,4,7,1,
Shenandoah,"3,738",484,48,374,62,43,7,30,6,0,0,0,0,0,0,0,0,5,3,0,0,2,0,0,0,0,17,10,25,
Sherman,"45,941","2,437",891,964,582,830,145,630,55,3,3,0,0,0,0,0,16,42,24,4,1,13,0,0,3,0,215,36,103,
Shiner,"2,198",72,18,38,16,16,3,13,0,1,1,0,0,0,0,0,0,1,0,1,0,0,0,0,0,0,5,2,15,
Silsbee,"6,829",261,58,116,87,54,10,39,5,1,1,0,0,0,0,0,0,3,3,0,0,0,0,0,1,0,6,9,15,
Sinton,"5,520",314,70,165,79,68,13,24,31,0,0,0,0,0,0,0,0,2,1,0,0,1,0,0,0,0,15,1,43,
Slaton,"5,679",178,55,110,13,54,19,29,6,0,0,0,0,0,0,0,0,1,1,0,0,0,0,0,2,0,20,6,19,
Smithville,"4,223",199,64,89,46,59,7,39,13,0,0,0,0,0,0,0,0,5,4,0,0,1,0,0,0,0,7,3,30,
Snyder,"11,131",585,169,221,195,162,133,25,4,2,2,0,0,0,0,0,0,5,4,0,1,0,0,0,1,1,25,6,25,
Socorro,"39,445","1,022",380,430,212,351,53,218,80,0,0,0,0,0,0,0,2,27,17,4,0,6,0,0,0,0,37,6,82,
Somerset,"1,820",23,5,16,2,5,1,4,0,0,0,0,0,0,0,0,0,0,0,0,0,0,0,0,0,0,3,0,4,
Somerville,"1,391",31,14,12,5,7,2,5,0,1,0,1,0,0,0,0,0,6,1,0,0,5,0,0,0,0,0,1,2,
Sonora,"2,337",15,6,7,2,5,3,2,0,0,0,0,0,0,0,0,0,1,1,0,0,0,0,0,0,0,2,0,1,
Sour Lake,"1,843",54,21,17,16,18,1,16,1,0,0,0,0,0,0,0,0,3,2,0,0,1,0,0,0,0,2,1,4,
South Houston,"15,718","1,152",328,606,218,311,53,181,77,1,1,0,0,0,0,0,1,15,5,3,2,3,2,0,1,0,50,10,97,
Southlake,"31,024",701,73,496,132,68,9,48,11,0,0,0,0,1,1,0,0,4,2,0,0,2,0,0,1,0,22,20,53,
South Padre Island,"2,048",801,226,414,161,215,27,153,35,0,0,0,0,0,0,0,0,11,8,0,1,2,0,0,0,0,18,3,95,
Southside Place,"1,850",33,4,28,1,4,1,1,2,0,0,0,0,0,0,0,0,0,0,0,0,0,0,0,0,0,2,0,2,
Spearman,"3,051",0,0,0,0,0,0,0,0,0,0,0,0,0,0,0,0,0,0,0,0,0,0,0,0,0,0,0,0,
Splendora,"1,958",241,13,55,173,12,3,7,2,0,0,0,0,0,0,0,1,0,0,0,0,0,0,0,0,0,7,1,16,
Springtown,"4,227",209,60,105,44,51,7,35,9,0,0,0,0,0,0,0,6,3,3,0,0,0,0,0,0,0,14,5,16,
Spring Valley,"4,278",107,4,102,1,4,2,2,0,0,0,0,0,0,0,0,0,0,0,0,0,0,0,0,0,0,3,1,17,
Stafford,"17,330","1,290",337,833,120,320,54,246,20,0,0,0,0,0,0,0,1,16,12,1,1,2,0,0,0,0,37,7,74,
Stamford,"2,935",89,20,33,36,18,1,17,0,1,1,0,0,0,0,0,0,1,1,0,0,0,0,0,1,0,8,0,9,
Stanton,"2,653",68,14,48,6,14,4,5,5,0,0,0,0,0,0,0,0,0,0,0,0,0,0,0,1,0,6,2,3,
Stephenville,"21,911",847,295,357,195,271,42,207,22,0,0,0,0,0,0,0,3,21,15,0,0,6,0,0,0,0,40,18,46,
Stratford,"1,976",10,4,3,3,3,1,2,0,0,0,0,0,0,0,0,0,1,1,0,0,0,0,0,0,0,0,0,0,
Sudan,922,6,3,3,0,2,2,0,0,0,0,0,0,0,0,0,1,0,0,0,0,0,0,0,0,0,0,0,0,
Sugar Land,"108,718","3,047",498,"2,059",490,467,35,355,77,5,3,2,0,0,0,0,1,25,10,1,1,13,0,0,0,0,64,74,122,
Sullivan City,"3,903",147,51,73,23,51,16,25,10,0,0,0,0,0,0,0,0,0,0,0,0,0,0,0,0,0,11,1,12,
Sulphur Springs,"16,640",402,104,180,118,89,11,62,16,1,1,0,0,0,0,0,0,14,8,1,0,5,0,0,1,0,11,11,19,
Sunnyvale,"8,741",230,34,136,60,32,10,14,8,1,0,1,0,0,0,0,0,1,1,0,0,0,0,0,0,0,17,2,17,
Sunray,"1,694",37,6,31,0,6,2,4,0,0,0,0,0,0,0,0,0,0,0,0,0,0,0,0,0,0,4,2,8,
Sunrise Beach Village,800,27,3,20,4,3,0,1,2,0,0,0,0,0,0,0,0,0,0,0,0,0,0,0,0,0,3,1,6,
Sunset Valley,626,382,9,349,24,9,1,2,6,0,0,0,0,0,0,0,0,0,0,0,0,0,0,0,0,0,3,5,25,
Surfside Beach,681,18,7,10,1,7,3,4,0,0,0,0,0,0,0,0,0,0,0,0,0,0,0,0,0,0,4,0,2,
Sweeny,"3,529",186,52,92,42,51,9,41,1,0,0,0,0,0,0,0,0,1,0,0,1,0,0,0,0,0,6,13,13,
Sweetwater,"10,310",508,236,171,101,223,45,151,27,1,1,0,0,0,0,0,5,7,5,0,0,2,0,0,0,0,39,3,8,
Taft,"2,903",71,26,29,16,24,3,21,0,0,0,0,0,0,0,0,0,2,0,0,0,2,0,0,0,0,3,0,9,
Tahoka,"2,432",71,34,32,5,30,8,21,1,1,1,0,0,0,0,0,1,2,2,0,0,0,0,0,0,0,7,1,8,
Tatum,"1,375",6,2,4,0,2,0,2,0,0,0,0,0,0,0,0,0,0,0,0,0,0,0,0,0,0,1,1,0,
Taylor,"17,267",733,233,433,67,217,34,167,16,0,0,0,0,1,1,0,0,15,1,0,0,14,0,0,2,0,65,6,95,
Teague,"3,490",137,42,84,11,37,10,26,1,0,0,0,0,0,0,0,1,4,3,0,0,1,0,0,0,0,21,2,20,
Temple,"93,073","4,783","1,436","2,318","1,029","1,274",201,950,123,7,7,0,0,8,5,3,15,132,70,23,6,33,0,0,11,1,237,68,26,
Tenaha,"1,009",0,0,0,0,0,0,0,0,0,0,0,0,0,0,0,0,0,0,0,0,0,0,0,0,0,0,0,0,
Terrell,"21,371","1,204",272,730,202,256,44,194,18,4,4,0,0,0,0,0,0,12,6,1,1,4,0,0,2,0,57,34,126,
Terrell Hills,"5,049",117,11,106,0,11,1,6,4,0,0,0,0,0,0,0,0,0,0,0,0,0,0,0,0,0,18,0,9,
Texarkana,"35,560","2,863",895,"1,377",591,844,120,645,79,7,7,0,0,1,1,0,2,41,22,4,3,12,0,0,0,0,114,28,252,
Texas City,"57,448","4,112","1,360","1,842",910,"1,317",159,964,194,5,4,1,0,0,0,0,1,37,31,2,0,4,0,0,4,1,173,37,155,
The Colony,"45,671","2,027",341,"1,495",191,311,52,251,8,1,1,0,0,0,0,0,7,22,15,0,6,1,0,0,1,0,54,12,140,
Thorndale,"1,386",0,0,0,0,0,0,0,0,0,0,0,0,0,0,0,0,0,0,0,0,0,0,0,0,0,0,0,0,
Three Rivers,"1,581",22,11,3,8,11,2,7,2,0,0,0,0,0,0,0,0,0,0,0,0,0,0,0,0,0,1,0,0,
Tioga,"1,273",0,0,0,0,0,0,0,0,0,0,0,0,0,0,0,0,0,0,0,0,0,0,0,0,0,0,0,0,
Todd Mission,128,14,1,11,2,1,0,1,0,0,0,0,0,0,0,0,0,0,0,0,0,0,0,0,0,0,1,1,2,
Tomball,"14,260",743,201,457,85,192,44,125,23,0,0,0,0,0,0,0,0,9,7,0,1,1,0,0,3,0,29,24,49,
Tom Bean,981,10,6,3,1,6,1,4,1,0,0,0,0,0,0,0,0,0,0,0,0,0,0,0,0,0,1,0,2,
Tool,"2,275",38,17,12,9,17,9,7,1,0,0,0,0,0,0,0,0,0,0,0,0,0,0,0,0,0,3,0,1,
Trophy Club,"13,772",198,48,90,60,46,2,40,4,0,0,0,0,0,0,0,0,2,1,0,0,1,0,0,1,0,5,5,11,
Tulia,"4,354",302,98,141,63,92,17,49,26,0,0,0,0,0,0,0,0,6,3,0,0,3,0,0,0,0,19,3,32,
Tye,"1,203",25,11,7,7,10,3,5,2,1,1,0,0,0,0,0,0,0,0,0,0,0,0,0,0,0,1,0,0,
Tyler,"110,824","6,959","1,786","3,629","1,544","1,648",344,"1,238",66,12,11,1,0,0,0,0,19,107,80,4,2,21,0,0,3,1,271,118,605,
Universal City,"20,112","1,715",387,"1,063",265,360,28,237,95,0,0,0,0,0,0,0,1,26,20,1,0,5,0,0,0,0,91,24,215,
University Park,"25,080",439,40,349,50,37,3,34,0,0,0,0,0,0,0,0,0,3,2,0,0,1,0,0,0,0,147,5,30,
Uvalde,"15,538",964,296,561,107,269,36,204,29,0,0,0,0,0,0,0,7,20,9,2,0,9,0,0,1,0,81,28,111,
Valley Mills,"1,294",28,8,11,9,4,2,2,0,1,0,1,0,0,0,0,0,3,1,2,0,0,0,0,0,0,4,0,2,
Van,"2,891",94,15,39,40,13,2,10,1,0,0,0,0,0,0,0,0,2,2,0,0,0,0,0,0,0,3,4,6,
Van Alstyne,"7,203",214,44,85,85,44,6,28,10,0,0,0,0,0,0,0,0,0,0,0,0,0,0,0,0,1,3,0,18,
Vega,861,2,1,1,0,1,0,0,1,0,0,0,0,0,0,0,0,0,0,0,0,0,0,0,0,0,0,0,0,
Venus,"8,228",228,74,57,97,66,16,49,1,0,0,0,0,0,0,0,0,8,0,3,0,5,0,0,0,0,5,3,8,
Vernon,"9,598",503,168,226,109,154,18,112,24,0,0,0,0,0,0,0,1,13,4,1,1,6,1,0,0,0,29,13,44,
Victoria,"65,298","4,308","1,120","2,189",999,"1,052",180,771,101,7,5,2,0,0,0,0,8,53,37,5,1,10,0,0,4,0,223,65,370,
Vidor,"9,642",273,87,144,42,77,16,42,19,0,0,0,0,0,0,0,1,9,8,0,0,1,0,0,0,0,30,2,19,
Waco,"145,741","9,593","2,919","5,362","1,312","2,687",515,"1,953",219,15,12,3,0,3,3,0,52,162,100,22,0,40,0,0,15,0,509,178,841,
Waelder,956,32,17,6,9,16,0,16,0,0,0,0,0,0,0,0,0,1,0,0,1,0,0,0,0,0,3,0,2,
Wake Village,"5,794",144,43,73,28,43,5,33,5,0,0,0,0,0,0,0,0,0,0,0,0,0,0,0,0,0,13,5,13,
Waller,"3,364",146,28,99,19,25,5,19,1,0,0,0,0,0,0,0,1,2,2,0,0,0,0,0,0,0,21,3,15,
Wallis,"1,365",29,13,14,2,13,4,3,6,0,0,0,0,0,0,0,0,0,0,0,0,0,0,0,0,0,3,1,1,
Watauga,"22,782","1,038",187,473,378,167,20,133,14,0,0,0,0,0,0,0,1,19,13,2,0,4,0,0,1,1,41,21,75,
Waxahachie,"47,535","1,963",435,"1,042",486,393,84,220,89,1,0,1,0,0,0,0,2,39,13,5,5,16,0,0,2,0,53,21,140,
Weatherford,"39,115","2,027",480,950,597,425,49,282,94,0,0,0,0,0,0,0,9,46,23,4,0,19,0,0,2,0,49,39,110,
Webster,"12,045","1,827",268,"1,094",465,256,43,186,27,0,0,0,0,0,0,0,0,12,1,1,3,7,0,0,0,0,78,23,100,
Weimar,"2,101",72,16,26,30,16,2,11,3,0,0,0,0,0,0,0,0,0,0,0,0,0,0,0,0,0,1,1,5,
Weslaco,"43,072","4,269","1,080","2,494",695,"1,033",110,690,233,0,0,0,0,0,0,0,14,33,18,4,0,11,0,0,2,0,129,48,425,
West,"2,586",33,13,19,1,12,4,7,1,0,0,0,0,0,0,0,0,1,1,0,0,0,0,0,0,0,4,0,2,
West Columbia,"3,579",170,42,103,25,41,5,27,9,0,0,0,0,0,0,0,0,1,1,0,0,0,0,0,2,0,12,1,16,
West Lake Hills,"3,166",150,16,116,18,16,2,6,8,0,0,0,0,0,0,0,0,0,0,0,0,0,0,0,0,0,6,6,8,
West Orange,"3,396",162,26,127,9,23,4,10,9,0,0,0,0,0,0,0,0,3,3,0,0,0,0,0,0,0,20,3,15,
Westover Hills,639,25,1,14,10,1,0,1,0,0,0,0,0,0,0,0,0,0,0,0,0,0,0,0,0,0,3,2,0,
West University Place,"14,686",399,19,281,99,18,5,11,2,0,0,0,0,0,0,0,0,1,0,0,1,0,0,0,1,0,23,10,23,
Westworth,"2,658",346,45,192,109,44,14,21,9,0,0,0,0,0,0,0,0,1,1,0,0,0,0,0,0,0,15,6,24,
Wharton,"8,792",540,146,309,85,142,28,112,2,0,0,0,0,0,0,0,0,4,0,2,0,1,1,0,0,0,30,3,61,
Whitehouse,"9,609",161,40,96,25,30,4,23,3,0,0,0,0,1,0,1,1,8,6,2,0,0,0,0,0,0,7,6,15,
White Oak,"6,233",141,53,77,11,50,4,45,1,1,1,0,0,0,0,0,0,2,1,0,0,1,0,0,0,0,8,5,10,
Whitesboro,"4,396",67,28,22,17,27,3,12,12,0,0,0,0,0,0,0,0,1,0,0,0,1,0,0,1,0,1,1,2,
White Settlement,"17,949",901,234,556,111,210,88,105,17,0,0,0,0,0,0,0,0,24,18,1,1,4,0,0,1,0,71,14,114,
Whitewright,"1,856",31,10,14,7,10,1,8,1,0,0,0,0,0,0,0,0,0,0,0,0,0,0,0,0,0,4,0,2,
Whitney,"2,096",100,29,62,9,27,3,22,2,0,0,0,0,0,0,0,0,2,0,2,0,0,0,0,0,0,5,4,17,
Wichita Falls,"102,740","7,118","2,416","4,041",661,"2,257",342,"1,297",618,7,4,3,0,0,0,0,13,139,69,22,9,38,,1,0,2,0,438,169,383
Willis,"7,201",451,150,277,24,136,28,89,19,1,1,0,0,0,0,0,1,12,9,1,0,2,,0,0,0,0,33,5,51
Willow Park,"6,023",263,47,106,110,45,9,27,9,0,0,0,0,0,0,0,0,2,2,0,0,0,,0,0,0,0,7,10,14
Wills Point,"4,023",97,35,45,17,32,9,23,0,0,0,0,0,0,0,0,0,3,3,0,0,0,,0,0,0,0,10,5,4
Wilmer,"6,169",257,51,186,20,45,14,31,0,1,0,1,0,0,0,0,0,5,3,1,0,1,,0,0,1,0,10,5,37
Windcrest,"5,766","1,205",93,682,430,90,8,68,14,0,0,0,0,0,0,0,0,3,0,0,0,3,,0,0,1,1,22,34,85
Wink,837,3,1,1,1,1,1,0,0,0,0,0,0,0,0,0,0,0,0,0,0,0,,0,0,0,0,0,0,0
Winnsboro,"3,611",121,26,39,56,20,4,15,1,0,0,0,0,0,0,0,0,6,2,0,0,4,,0,0,0,0,11,4,6
Winters,"2,318",38,7,13,18,7,2,4,1,0,0,0,0,0,0,0,0,0,0,0,0,0,,0,0,0,0,2,1,0
Wolfforth,"7,135",182,57,61,64,56,9,40,7,0,0,0,0,0,0,0,0,1,0,0,0,1,,0,0,0,0,7,5,15
Woodbranch,"1,546",0,0,0,0,0,0,0,0,0,0,0,0,0,0,0,0,0,0,0,0,0,,0,0,0,0,0,0,0
Woodsboro,"1,245",20,7,8,5,7,1,5,1,0,0,0,0,0,0,0,0,0,0,0,0,0,,0,0,0,0,2,0,1
Woodville,"2,420",54,8,29,17,8,1,4,3,0,0,0,0,0,0,0,0,0,0,0,0,0,,0,0,0,0,2,1,4
Wortham,"1,017",42,6,22,14,4,4,0,0,1,0,1,0,0,0,0,0,1,1,0,0,0,,0,0,0,0,7,1,2
Wylie,"62,539","1,227",388,657,182,367,24,296,47,0,0,0,0,0,0,0,0,21,14,2,2,3,,0,0,0,0,36,9,78
Yoakum,"5,885",92,27,48,17,24,0,18,6,0,0,0,0,0,0,0,0,3,1,0,0,2,,0,0,0,0,12,2,7
Zavalla,610,36,8,19,9,7,3,2,2,0,0,0,0,0,0,0,0,1,1,0,0,0,,0,0,0,0,3,0,3