City,Population,Total Offenses,Crimes Against Persons,Crimes Against Property,Crimes Against Society,Assault Offenses,Aggravated Assault,Simple Assault,Intimidation,Homicide Offenses,Murder and Nonnegligent Manslaughter,Negligent Man-slaughter,Justifiable Homicide,Human Trafficking Offenses,Commercial Sex Acts,Involuntary Servitude,Kidnapping/Abduction,Sex Offenses,Rape,Sodomy,Sexual Assault With an Object,Criminal Sexual Contact,Incest,Statutory Rape,Arson,Bribery,Burglary/Breaking & Entering,Counter-feiting/Forgery,Destruction/Damage/Vandalism of Property,Unnamed: 30
Abernathy,2792,25,7,5,13,5,0,5,0,0,0,0,0,0,0,0,0,2,1,0,0,1,0,0,0,0,3,0,0,0
Abilene,128387,7636,2832,3616,1188,2667,393,1981,293,7,6,1,0,0,0,0,8,150,68,27,16,39,0,0,3,0,394,64,678,0
Addison,17527,2396,461,1647,288,428,33,326,69,3,3,0,0,1,1,0,17,12,8,1,0,3,0,0,1,0,78,22,190,0
Alamo,20640,1685,257,1100,328,214,99,65,50,1,1,0,0,0,0,0,13,29,11,1,4,13,0,0,2,0,96,20,184,0
Alamo Heights,7609,389,23,238,128,23,2,16,5,0,0,0,0,0,0,0,0,0,0,0,0,0,0,0,0,0,11,7,28,0
Alba,502,23,10,4,9,10,0,2,8,0,0,0,0,0,0,0,0,0,0,0,0,0,0,0,0,0,1,0,0,0
Alice,17622,1636,592,739,305,560,95,355,110,1,1,0,0,0,0,0,11,20,12,3,1,4,0,0,2,0,104,43,182,0
Allen,114696,2745,556,1605,584,497,87,344,66,14,13,1,0,4,3,1,6,35,20,2,1,12,0,0,1,0,86,55,136,0
Alma,414,1,0,1,0,0,0,0,0,0,0,0,0,0,0,0,0,0,0,0,0,0,0,0,0,0,1,0,0,0
Alpine,5869,29,21,8,0,21,1,20,0,0,0,0,0,0,0,0,0,0,0,0,0,0,0,0,0,0,1,0,4,0
Alton,20357,714,225,412,77,220,134,24,62,1,1,0,0,0,0,0,0,4,2,0,0,2,0,0,1,0,77,6,116,0
Alvarado,6473,329,106,142,81,93,14,73,6,0,0,0,0,0,0,0,3,10,5,0,0,5,0,0,0,0,12,5,32,0
Alvin,28742,1382,451,700,231,431,32,367,32,1,1,0,0,0,0,0,1,18,11,3,1,3,0,0,1,0,52,20,97,0
Amarillo,201684,17350,5768,9640,1942,5237,1080,3546,611,20,16,0,4,0,0,0,246,265,125,22,21,97,0,0,41,0,932,196,1795,0
Andrews,13157,544,140,276,128,127,43,62,22,0,0,0,0,0,0,0,4,9,7,0,0,2,0,0,1,0,22,9,66,0
Angleton,19703,1011,347,492,172,314,39,214,61,1,0,1,0,0,0,0,4,28,8,2,1,17,0,0,0,0,45,29,83,0
Anna,27436,794,194,392,208,170,36,91,43,0,0,0,0,0,0,0,4,20,7,5,3,5,0,0,1,0,36,14,62,0
Anthony,3853,399,81,67,251,74,6,46,22,0,0,0,0,0,0,0,1,6,2,1,0,3,0,0,1,0,4,0,23,0
Aransas Pass,8843,527,177,258,92,166,23,124,19,0,0,0,0,0,0,0,2,9,7,0,0,2,0,0,1,0,31,4,30,0
Archer City,1613,36,1,12,23,1,0,1,0,0,0,0,0,0,0,0,0,0,0,0,0,0,0,0,0,0,5,1,3,0
Arcola,2331,118,33,64,21,29,8,13,8,0,0,0,0,0,0,0,3,1,0,0,0,1,0,0,0,0,9,2,13,0
Argyle,6120,112,21,49,42,20,4,11,5,1,1,0,0,0,0,0,0,0,0,0,0,0,0,0,1,0,6,3,7,0
Arlington,394799,26761,8214,14318,4229,7723,1395,5101,1227,20,16,3,1,14,13,1,19,438,246,33,9,149,1,0,12,3,1061,330,2067,0
Arp,984,40,10,20,10,10,0,10,0,0,0,0,0,0,0,0,0,0,0,0,0,0,0,0,0,0,1,1,4,0
Athens,13068,644,193,404,47,172,35,99,38,2,1,1,0,0,0,0,1,18,9,1,2,6,0,0,1,0,49,10,69,0
Atlanta,5427,139,46,88,5,45,5,35,5,0,0,0,0,0,0,0,0,1,1,0,0,0,0,0,0,0,11,1,13,0
Aubrey,9712,436,173,207,56,163,15,133,15,1,1,0,0,0,0,0,6,3,2,0,0,1,0,0,0,0,49,3,22,0
Austin,978816,70295,18517,46028,5750,17354,3449,9364,4541,81,66,9,6,8,2,6,253,821,327,48,117,329,0,0,147,3,4345,782,6303,0
Azle,14228,717,202,315,200,181,29,134,18,0,0,0,0,0,0,0,1,20,13,0,2,5,0,0,1,0,34,9,46,0
Balch Springs,26776,1586,307,1181,98,270,87,144,39,5,5,0,0,1,0,1,10,21,6,3,0,12,0,0,0,0,126,24,215,0
Balcones Heights,2695,639,112,402,125,108,37,65,6,0,0,0,0,0,0,0,0,4,4,0,0,0,0,0,1,0,32,10,70,0
Ballinger,3546,113,36,69,8,32,8,24,0,0,0,0,0,0,0,0,0,4,4,0,0,0,0,0,1,0,17,2,13,0
Bangs,1533,26,17,7,2,17,1,15,1,0,0,0,0,0,0,0,0,0,0,0,0,0,0,0,0,0,1,0,1,0
Bastrop,11961,1080,241,658,181,231,43,160,28,0,0,0,0,0,0,0,0,10,7,0,0,3,0,0,0,1,46,54,133,0
Bay City,17247,1472,420,759,293,408,77,287,44,2,2,0,0,0,0,0,3,7,4,1,0,2,0,0,7,0,90,28,122,0
Baytown,83809,5841,1533,3511,797,1446,222,981,243,3,2,1,0,4,2,2,5,75,45,9,0,21,0,0,3,0,400,15,426,0
Beaumont,110671,11379,4500,5613,1266,4235,1160,2399,676,17,17,0,0,1,1,0,74,173,82,28,13,50,0,0,19,0,637,149,926,0
Bedford,48193,2692,532,1376,784,488,69,340,79,0,0,0,0,1,1,0,4,39,25,4,1,9,0,0,0,0,88,21,142,0
Bee Cave,8704,455,42,305,108,35,12,14,9,0,0,0,0,0,0,0,2,5,5,0,0,0,0,0,0,0,16,9,34,0
Beeville,13176,876,219,524,133,210,43,150,17,0,0,0,0,0,0,0,2,7,4,2,1,0,0,0,7,0,82,9,126,0
Bellaire,16894,831,57,540,234,56,9,34,13,0,0,0,0,0,0,0,1,0,0,0,0,0,0,0,0,0,46,8,56,0
Bellmead,10615,732,179,432,121,164,17,109,38,0,0,0,0,4,0,4,2,9,7,0,0,2,0,0,3,2,23,12,53,0
Bells,1574,10,2,7,1,2,0,1,1,0,0,0,0,0,0,0,0,0,0,0,0,0,0,0,0,0,0,0,2,0
Bellville,4215,182,51,85,46,47,8,22,17,0,0,0,0,0,0,0,1,3,2,1,0,0,0,0,0,0,8,6,20,0
Belton,24946,1683,428,839,416,390,26,309,55,1,1,0,0,0,0,0,5,32,17,1,0,14,0,0,2,0,57,48,144,0
Benbrook,24425,1187,204,652,331,191,43,127,21,4,4,0,0,0,0,0,0,9,8,0,0,1,0,0,0,0,34,18,53,0
Bertram,2247,59,15,11,33,13,3,10,0,1,1,0,0,0,0,0,0,1,1,0,0,0,0,0,0,0,4,0,1,0
Beverly Hills,1870,218,50,75,93,47,14,17,16,0,0,0,0,0,0,0,1,2,0,1,0,1,0,0,1,0,11,9,13,0
Big Sandy,1314,53,8,32,13,8,0,7,1,0,0,0,0,0,0,0,0,0,0,0,0,0,0,0,0,0,14,3,4,0
Big Spring,24933,2046,847,883,316,813,151,602,60,5,4,1,0,0,0,0,6,23,17,3,0,3,0,0,2,0,107,31,182,0
Blanco,1987,80,21,38,21,18,2,7,9,0,0,0,0,0,0,0,1,2,2,0,0,0,0,0,0,0,5,3,4,0
Blue Mound,2302,26,5,16,5,4,3,1,0,0,0,0,0,0,0,0,0,1,0,0,0,1,0,0,0,0,4,1,5,0
Boerne,22163,719,148,380,191,140,13,110,17,0,0,0,0,0,0,0,0,8,5,0,0,3,0,0,1,0,61,9,71,0
Bogata,1094,5,1,2,2,1,0,1,0,0,0,0,0,0,0,0,0,0,0,0,0,0,0,0,0,0,1,0,0,0
Borger,12116,703,254,372,77,235,60,139,36,2,1,1,0,0,0,0,2,15,14,0,0,1,0,0,0,0,57,10,102,0
Bovina,1635,16,9,5,2,7,2,4,1,0,0,0,0,0,0,0,0,2,0,0,0,2,0,0,0,0,0,1,3,0
Bowie,5893,237,61,144,32,54,7,36,11,0,0,0,0,0,0,0,0,7,3,0,1,3,0,0,0,0,17,11,39,0
Boyd,1606,69,16,17,36,16,3,12,1,0,0,0,0,0,0,0,0,0,0,0,0,0,0,0,0,0,3,2,3,0
Brady,4964,186,77,72,37,74,10,60,4,0,0,0,0,0,0,0,0,3,1,0,0,2,0,0,2,0,20,1,11,0
Brazoria,2827,78,21,53,4,20,2,13,5,0,0,0,0,0,0,0,0,1,1,0,0,0,0,0,0,0,1,3,2,0
Breckenridge,5172,229,61,114,54,58,5,39,14,0,0,0,0,0,0,0,0,3,3,0,0,0,0,0,1,0,22,9,16,0
Bremond,877,21,14,6,1,14,6,8,0,0,0,0,0,0,0,0,0,0,0,0,0,0,0,0,0,0,0,1,0,0
Brenham,19047,1198,303,480,415,287,43,170,74,1,1,0,0,0,0,0,3,12,6,2,2,2,0,0,0,0,19,26,61,0
Bridge City,9585,155,50,67,38,42,2,33,7,0,0,0,0,0,0,0,0,8,8,0,0,0,0,0,0,0,14,1,14,0
Bridgeport,6523,348,55,112,181,53,4,47,2,0,0,0,0,0,0,0,0,2,2,0,0,0,0,0,0,0,10,11,35,0
Brookshire,5755,174,51,111,12,43,8,26,9,1,1,0,0,0,0,0,0,7,6,1,0,0,0,0,1,0,6,4,22,0
Brownfield,8624,403,153,180,70,150,31,106,13,0,0,0,0,0,0,0,0,3,2,0,0,1,0,0,0,0,27,0,40,0
Brownsville,190590,10703,3656,6262,785,3530,587,1977,966,11,8,3,0,1,1,0,44,70,33,7,5,25,0,0,22,0,429,67,1384,0
Brownwood,18652,1400,488,730,182,431,62,276,93,3,3,0,0,0,0,0,23,31,16,4,1,10,0,0,4,0,51,31,99,0
Bruceville-Eddy,1459,31,8,17,6,8,0,8,0,0,0,0,0,0,0,0,0,0,0,0,0,0,0,0,0,0,8,0,2,0
Buda,16508,656,89,463,104,87,16,54,17,0,0,0,0,0,0,0,1,1,1,0,0,0,0,0,0,0,19,30,46,0
Buffalo,1848,75,14,57,4,11,2,9,0,0,0,0,0,0,0,0,0,3,2,1,0,0,0,0,0,0,11,3,3,0
Bullard,4553,63,11,27,25,8,1,4,3,0,0,0,0,0,0,0,1,2,2,0,0,0,0,0,0,0,3,6,1,0
Bulverde,6907,586,42,181,363,36,11,20,5,1,1,0,0,0,0,0,1,4,4,0,0,0,0,0,0,0,13,8,34,0
Burkburnett,11166,295,109,132,54,93,12,63,18,2,2,0,0,0,0,0,0,14,10,2,0,2,0,0,0,0,10,5,38,0
Burleson,56307,1984,504,1078,402,472,80,356,36,0,0,0,0,0,0,0,4,28,16,3,5,4,0,0,2,0,84,48,117,0
Burnet,6841,327,77,92,158,72,6,50,16,0,0,0,0,0,0,0,2,3,0,0,1,2,0,0,1,0,9,13,18,0
Cactus,3058,184,71,56,57,67,13,53,1,0,0,0,0,0,0,0,0,4,3,0,1,0,0,0,0,0,1,3,20,0
Caddo Mills,5344,53,18,24,11,15,2,12,1,0,0,0,0,0,0,0,0,3,3,0,0,0,0,0,0,0,5,2,4,0
Caldwell,4520,108,29,53,26,26,5,18,3,0,0,0,0,1,1,0,0,2,1,0,0,1,0,0,0,0,9,2,5,0
Calvert,969,68,14,40,14,14,7,6,1,0,0,0,0,0,0,0,0,0,0,0,0,0,0,0,0,0,16,2,5,0
Cameron,5472,105,31,69,5,29,4,24,1,0,0,0,0,0,0,0,0,2,1,1,0,0,0,0,1,0,19,3,11,0
Canton,4726,228,36,168,24,33,4,29,0,1,0,1,0,0,0,0,0,2,0,0,0,2,0,0,0,0,31,7,18,0
Canyon,16211,388,104,206,78,100,22,58,20,0,0,0,0,0,0,0,0,4,1,0,0,3,0,0,1,0,17,4,46,0
Carrollton,134261,5357,1019,2601,1737,947,153,672,122,11,6,5,0,0,0,0,15,46,32,2,0,12,0,0,6,2,211,43,156,0
Carthage,6565,448,167,268,13,158,25,105,28,0,0,0,0,0,0,0,0,9,6,0,0,3,0,0,3,0,17,13,46,0
Castle Hills,3909,408,37,208,163,36,8,18,10,0,0,0,0,0,0,0,0,1,1,0,0,0,0,0,0,0,12,17,36,0
Castroville,3138,128,15,88,25,15,2,13,0,0,0,0,0,0,0,0,0,0,0,0,0,0,0,0,0,0,4,7,13,0
Cedar Hill,48247,2120,369,1310,441,354,63,263,28,1,1,0,0,0,0,0,2,12,5,3,0,4,0,0,2,0,114,13,224,0
Cedar Park,77464,2922,661,1385,876,591,42,458,91,1,1,0,0,0,0,0,0,69,36,1,3,29,0,0,2,0,84,32,23,0
Celina,24571,783,173,409,201,165,21,107,37,1,1,0,0,0,0,0,0,7,6,0,0,1,0,0,5,0,59,12,37,0
Center,5124,391,95,178,118,92,24,67,1,0,0,0,0,0,0,0,0,3,0,3,0,0,0,0,0,0,22,5,26,0
Chandler,3577,41,3,30,8,3,1,2,0,0,0,0,0,0,0,0,0,0,0,0,0,0,0,0,0,0,2,1,5,0
Charlotte,1597,32,7,24,1,7,2,4,1,0,0,0,0,0,0,0,0,0,0,0,0,0,0,0,0,0,6,1,2,0
Childress,5830,144,41,40,63,38,9,29,0,1,1,0,0,0,0,0,1,1,0,0,0,1,0,0,0,0,5,3,9,0
China Grove,1131,64,4,38,22,4,0,4,0,0,0,0,0,0,0,0,0,0,0,0,0,0,0,0,1,0,7,1,3,0
Cibolo,35851,1057,380,553,124,347,35,253,59,0,0,0,0,0,0,0,0,33,20,4,0,9,0,0,3,0,28,16,88,0
Cisco,3986,138,39,75,24,36,2,28,6,1,0,0,1,0,0,0,0,2,2,0,0,0,0,0,0,0,18,3,18,0
Cleburne,35075,1429,359,592,478,316,68,228,20,1,1,0,0,0,0,0,4,38,15,4,2,17,0,0,1,0,34,25,74,0
Clifton,3536,94,19,21,54,17,7,8,2,0,0,0,0,0,0,0,0,2,1,1,0,0,0,0,0,0,3,4,3,0
Clute,10640,718,274,365,79,265,18,237,10,0,0,0,0,0,0,0,0,9,7,1,0,1,0,0,0,0,83,10,72,0
Clyde,4010,142,49,59,34,45,6,39,0,0,0,0,0,0,0,0,0,4,2,0,0,1,1,0,0,0,9,1,14,0
Cockrell Hill,3658,168,28,97,43,27,8,17,2,0,0,0,0,0,0,0,0,1,0,0,0,1,0,0,0,0,14,0,16,0
Coleman,4001,94,20,16,58,19,5,12,2,0,0,0,0,0,0,0,0,1,1,0,0,0,0,0,0,0,4,1,0,0
College Station,126136,4899,1031,2612,1256,919,112,691,116,4,4,0,0,2,2,0,11,95,49,7,7,31,1,0,0,0,173,75,346,0
Colleyville,25748,720,63,301,356,57,9,30,18,0,0,0,0,1,1,0,0,5,5,0,0,0,0,0,0,0,9,21,23,0
Collinsville,2086,21,9,1,11,7,0,7,0,0,0,0,0,0,0,0,0,2,2,0,0,0,0,0,0,0,1,0,0,0
Colorado City,3910,165,28,117,20,27,6,19,2,1,1,0,0,0,0,0,0,0,0,0,0,0,0,0,0,0,23,5,32,0
Columbus,3724,111,37,58,16,34,10,22,2,0,0,0,0,0,0,0,0,3,2,0,1,0,0,0,0,0,2,3,8,0
Comanche,4273,219,85,105,29,78,8,53,17,0,0,0,0,0,0,0,2,5,2,1,0,2,0,0,1,0,8,2,19,0
Combes,3173,179,27,61,91,22,4,10,8,0,0,0,0,0,0,0,3,2,1,0,0,1,0,0,0,0,4,0,16,0
Commerce,9372,512,187,277,48,177,42,110,25,1,1,0,0,0,0,0,0,9,6,1,0,2,0,0,1,0,18,15,63,0
Conroe,106904,5493,1480,2759,1254,1374,156,976,242,5,3,2,0,0,0,0,16,85,23,12,8,41,1,0,5,2,222,130,446,0
Converse,30522,1600,288,956,356,283,108,149,26,1,0,1,0,0,0,0,1,3,2,1,0,0,0,0,1,0,97,19,210,0
Coppell,41719,947,141,698,108,135,20,107,8,0,0,0,0,0,0,0,0,6,5,0,0,1,0,0,0,0,30,5,106,0
Copperas Cove,38602,2746,904,1177,665,797,67,609,121,1,1,0,0,1,1,0,13,92,58,9,5,20,0,0,3,0,79,30,206,0
Corinth,22965,509,110,305,94,104,14,79,11,0,0,0,0,0,0,0,1,5,4,0,0,1,0,0,1,0,58,8,35,0
Corpus Christi,315340,29880,10072,15600,4208,9538,2107,5529,1902,25,20,3,2,5,2,3,31,473,164,83,42,182,2,0,58,0,1664,392,2851,0
Corrigan,1480,61,17,26,18,14,4,9,1,2,0,2,0,0,0,0,0,1,1,0,0,0,0,0,0,0,7,1,2,0
Corsicana,25782,1542,334,964,244,297,85,198,14,0,0,0,0,0,0,0,2,35,25,0,5,5,0,0,10,0,115,30,165,0
Crandall,5054,551,222,248,81,209,52,139,18,1,1,0,0,0,0,0,1,11,8,0,0,3,0,0,1,0,24,8,77,0
Crane,3293,63,24,7,32,23,4,19,0,0,0,0,0,0,0,0,0,1,0,0,0,1,0,0,0,0,1,0,1,0
Crockett,6302,437,83,201,153,79,14,65,0,1,1,0,0,0,0,0,0,3,3,0,0,0,0,0,0,0,29,10,42,0
Crowley,20071,1121,171,665,285,155,33,111,11,1,1,0,0,0,0,0,4,11,5,2,0,4,0,0,1,0,63,13,102,0
Crystal City,6050,115,53,59,3,52,15,37,0,0,0,0,0,0,0,0,0,1,0,0,0,1,0,0,1,0,15,0,20,0
Cuero,8085,450,135,217,98,134,73,45,16,0,0,0,0,0,0,0,0,1,1,0,0,0,0,0,2,0,15,11,58,0
Cuney,115,5,3,1,1,3,2,1,0,0,0,0,0,0,0,0,0,0,0,0,0,0,0,0,0,0,0,0,0,0
Daingerfield,2521,141,40,77,24,38,16,16,6,0,0,0,0,0,0,0,1,1,1,0,0,0,0,0,0,0,10,2,7,0
Dalhart,8389,287,109,131,47,101,26,63,12,1,0,1,0,0,0,0,2,5,1,1,0,3,0,0,0,0,29,10,33,0
Dallas,1304989,109358,26599,69491,13268,25268,6098,14754,4416,283,242,20,21,45,44,1,172,831,366,113,59,291,2,0,147,2,6137,249,9909,0
Dalworthington Gardens,2263,64,3,39,22,3,1,2,0,0,0,0,0,0,0,0,0,0,0,0,0,0,0,0,0,0,3,2,2,0
Dawson,828,17,6,1,10,5,2,3,0,0,0,0,0,0,0,0,1,0,0,0,0,0,0,0,0,0,0,0,0,0
Dayton,9655,364,69,198,97,63,15,40,8,2,2,0,0,0,0,0,0,4,3,0,0,1,0,0,0,0,24,4,40,0
Decatur,7499,743,77,343,323,72,11,50,11,0,0,0,0,0,0,0,0,5,1,2,0,2,0,0,0,0,14,12,42,0
Deer Park,33033,1427,259,731,437,238,30,198,10,2,1,1,0,0,0,0,1,18,9,3,0,6,0,0,3,0,42,9,103,0
De Leon,2332,59,26,32,1,25,3,18,4,0,0,0,0,0,0,0,0,1,1,0,0,0,0,0,2,0,9,1,3,0
Del Rio,34466,1432,450,899,83,407,30,252,125,0,0,0,0,0,0,0,6,37,16,2,0,19,0,0,3,0,141,17,190,0
Denison,27261,967,195,367,405,174,49,97,28,4,3,1,0,0,0,0,2,15,11,2,0,2,0,0,3,0,52,15,64,0
Denton,155215,8310,2282,5071,957,2149,242,1383,524,9,9,0,0,2,2,0,7,115,51,0,31,33,0,0,10,2,301,84,695,0
Denver City,4230,81,35,39,7,31,4,20,7,0,0,0,0,0,0,0,1,3,1,0,0,2,0,0,0,0,7,0,10,0
DeSoto,56257,2777,882,1650,245,815,100,547,168,0,0,0,0,0,0,0,3,64,29,6,3,26,0,0,2,0,129,9,322,0
Devine,4590,153,29,101,23,29,6,23,0,0,0,0,0,0,0,0,0,0,0,0,0,0,0,0,0,0,7,0,10,0
Diboll,4617,163,46,77,40,41,10,21,10,2,2,0,0,0,0,0,0,3,0,0,0,3,0,0,1,0,8,3,15,0
Dickinson,21881,843,332,422,89,304,31,235,38,1,1,0,0,0,0,0,0,27,12,3,0,12,0,0,1,0,48,12,84,0
Dilley,3331,85,33,47,5,33,8,24,1,0,0,0,0,0,0,0,0,0,0,0,0,0,0,0,2,0,10,0,9,0
Dimmitt,4100,84,24,26,34,21,4,16,1,0,0,0,0,0,0,0,0,3,1,0,0,2,0,0,0,0,13,0,6,0
Donna,16769,1350,317,925,108,293,221,29,43,2,2,0,0,1,1,0,2,19,9,1,1,7,1,0,0,0,78,7,188,0
Double Oak,3084,33,8,19,6,7,0,4,3,0,0,0,0,0,0,0,1,0,0,0,0,0,0,0,0,0,2,2,4,0
Driscoll,659,0,0,0,0,0,0,0,0,0,0,0,0,0,0,0,0,0,0,0,0,0,0,0,0,0,0,0,0,0
Dublin,3470,26,10,10,6,10,0,9,1,0,0,0,0,0,0,0,0,0,0,0,0,0,0,0,0,0,2,1,3,0
Dumas,14037,725,188,431,106,176,31,126,19,0,0,0,0,0,0,0,0,12,8,2,0,2,0,0,0,0,26,31,71,0
Duncanville,39104,1914,521,1207,186,501,109,356,36,1,1,0,0,0,0,0,1,18,10,0,0,8,0,0,0,0,100,17,144,0
Eagle Pass,28315,1620,462,977,181,451,47,264,140,0,0,0,0,0,0,0,9,2,1,0,0,1,0,0,3,0,142,33,150,0
Early,3243,185,68,79,38,61,14,36,11,3,0,3,0,0,0,0,1,3,2,0,0,1,0,0,1,0,6,3,16,0
Eastland,3653,259,58,107,94,55,3,42,10,0,0,0,0,0,0,0,0,3,2,0,0,1,0,0,0,0,9,4,23,0
East Mountain,951,9,2,3,4,2,0,2,0,0,0,0,0,0,0,0,0,0,0,0,0,0,0,0,0,0,1,0,1,0
Edcouch,2674,43,21,16,6,19,8,8,3,0,0,0,0,0,0,0,0,2,0,0,0,2,0,0,0,0,1,0,4,0
Edgewood,1734,0,0,0,0,0,0,0,0,0,0,0,0,0,0,0,0,0,0,0,0,0,0,0,0,0,0,0,0,0
Edinburg,106137,7341,2246,3952,1143,2078,204,1650,224,2,2,0,0,0,0,0,30,136,68,7,6,55,0,0,4,1,173,76,805,0
Edna,6015,173,75,60,38,72,15,49,8,1,1,0,0,0,0,0,0,2,2,0,0,0,0,0,2,0,11,1,17,0
El Campo,12103,956,233,493,230,216,64,113,39,0,0,0,0,0,0,0,0,17,5,1,1,10,0,0,2,0,28,39,77,0
Electra,2290,95,42,48,5,37,11,19,7,0,0,0,0,0,0,0,0,5,0,0,0,5,0,0,0,0,5,1,12,0
Elgin,12235,628,149,293,186,140,20,113,7,2,2,0,0,0,0,0,0,7,5,1,0,1,0,0,1,0,34,6,63,0
El Paso,676665,32675,10425,18431,3819,9852,1665,6197,1990,38,34,4,0,2,2,0,125,408,240,34,3,131,0,0,97,0,1062,209,4613,0
Elsa,5663,519,102,276,141,99,18,80,1,0,0,0,0,0,0,0,0,3,2,1,0,0,0,0,0,0,33,2,46,0
Emory,1394,20,6,10,4,4,1,2,1,0,0,0,0,0,0,0,0,2,2,0,0,0,0,0,0,0,3,0,1,0
Encinal,517,23,5,10,8,5,2,1,2,0,0,0,0,0,0,0,0,0,0,0,0,0,0,0,0,0,1,0,1,0
Ennis,24347,728,124,523,81,120,26,91,3,1,1,0,0,0,0,0,1,2,1,0,0,1,0,0,0,0,37,3,119,0
Euless,59722,2710,463,1652,595,410,74,294,42,0,0,0,0,0,0,0,7,46,22,4,0,20,0,0,4,0,116,39,187,0
Eustace,1156,29,5,3,21,5,2,1,2,0,0,0,0,0,0,0,0,0,0,0,0,0,0,0,0,0,1,0,0,0
Everman,5929,221,54,135,32,49,11,31,7,1,1,0,0,0,0,0,0,4,3,0,0,1,0,0,0,0,20,0,25,0
Fairfield,2926,114,32,74,8,30,14,13,3,0,0,0,0,0,0,0,1,1,0,0,0,1,0,0,0,0,7,2,8,0
Fair Oaks Ranch,11753,428,31,136,261,31,4,17,10,0,0,0,0,0,0,0,0,0,0,0,0,0,0,0,0,0,34,3,10,0
Fairview,11071,174,11,138,25,10,0,5,5,0,0,0,0,0,0,0,0,1,1,0,0,0,0,0,0,0,13,1,15,0
Falfurrias,4398,38,20,13,5,17,11,6,0,0,0,0,0,0,0,0,1,2,2,0,0,0,0,0,1,0,2,0,0,0
Farmers Branch,36538,2088,334,1381,373,314,44,246,24,4,4,0,0,0,0,0,4,12,6,1,3,2,0,0,1,0,123,15,147,0
Farmersville,4227,96,32,44,20,28,5,22,1,0,0,0,0,0,0,0,0,4,3,0,0,1,0,0,0,0,4,1,9,0
Farwell,1369,11,0,10,1,0,0,0,0,0,0,0,0,0,0,0,0,0,0,0,0,0,0,0,0,0,3,0,0,0
Fate,25400,366,107,192,67,98,15,75,8,0,0,0,0,0,0,0,0,9,5,0,0,4,0,0,0,0,11,12,39,0
Ferris,2934,78,22,47,9,20,8,11,1,0,0,0,0,0,0,0,0,2,2,0,0,0,0,0,0,0,7,1,11,0
Flatonia,1365,45,7,17,21,7,0,7,0,0,0,0,0,0,0,0,0,0,0,0,0,0,0,0,0,0,2,0,3,0
Florence,1203,35,11,13,11,11,0,11,0,0,0,0,0,0,0,0,0,0,0,0,0,0,0,0,0,0,4,0,1,0
Floresville,8480,305,69,195,41,65,8,55,2,0,0,0,0,0,0,0,1,3,2,0,0,1,0,0,1,0,35,3,32,0
Flower Mound,79513,1286,227,868,191,210,35,135,40,0,0,0,0,0,0,0,0,17,5,6,0,6,0,0,3,0,44,25,96,0
Floydada,2560,77,21,48,8,20,7,10,3,0,0,0,0,0,0,0,0,1,0,0,0,1,0,0,0,0,10,2,12,0
Forest Hill,13583,425,105,250,70,93,12,70,11,1,1,0,0,0,0,0,1,10,7,0,1,2,0,0,0,0,35,0,7,0
Forney,37242,799,143,447,209,120,22,75,23,1,1,0,0,0,0,0,4,18,13,3,0,2,0,0,0,0,25,14,43,0
Fort Stockton,8053,158,66,59,33,59,6,47,6,0,0,0,0,0,0,0,0,7,4,0,0,3,0,0,2,0,14,4,16,0
Fort Worth,973722,52965,13352,34136,5477,12203,3351,7449,1403,92,85,3,4,25,20,5,257,775,548,91,36,100,0,0,107,3,3430,228,5893,0
Franklin,1790,42,11,25,6,11,4,7,0,0,0,0,0,0,0,0,0,0,0,0,0,0,0,0,0,0,8,1,1,0
Frankston,1094,136,12,35,89,9,1,2,6,0,0,0,0,0,0,0,0,3,1,0,0,2,0,0,0,0,1,0,4,0
Fredericksburg,11446,291,73,168,50,68,4,50,14,0,0,0,0,0,0,0,1,4,2,0,1,1,0,0,0,0,20,8,46,0
Freeport,10478,459,156,262,41,143,60,65,18,0,0,0,0,0,0,0,0,13,10,0,0,3,0,0,1,0,30,7,59,0
Freer,2360,82,36,42,4,30,2,16,12,0,0,0,0,0,0,0,3,3,0,1,0,2,0,0,0,0,9,3,11,0
Friendswood,40678,1021,217,573,231,201,22,135,44,2,2,0,0,0,0,0,0,14,5,0,2,6,1,0,1,0,21,39,33,0
Friona,4001,31,6,15,10,4,1,2,1,0,0,0,0,0,0,0,0,2,2,0,0,0,0,0,0,0,1,0,8,0
Frisco,228527,6878,1086,4523,1269,1022,133,805,84,2,1,1,0,0,0,0,2,60,24,8,5,23,0,0,12,0,171,62,359,0
Fulshear,25579,332,41,176,115,40,4,36,0,0,0,0,0,0,0,0,0,1,0,0,0,1,0,0,0,0,8,4,22,0
Gainesville,18167,1162,239,518,405,217,45,155,17,2,2,0,0,0,0,0,4,16,6,1,2,7,0,0,3,0,36,18,91,0
Galena Park,10215,386,88,273,25,86,14,56,16,0,0,0,0,0,0,0,1,1,0,1,0,0,0,0,1,0,17,59,34,0
Galveston,52810,3827,1309,1876,642,1205,147,785,273,6,6,0,0,2,2,0,11,85,61,12,0,12,0,0,5,0,126,45,324,0
Ganado,2005,32,8,16,8,6,3,3,0,0,0,0,0,0,0,0,0,2,2,0,0,0,0,0,1,0,0,2,2,0
Garden Ridge,4400,137,14,80,43,12,0,4,8,0,0,0,0,0,0,0,2,0,0,0,0,0,0,0,0,0,1,3,8,0
Garland,240051,12922,3365,7515,2042,3197,318,2618,261,14,11,1,2,0,0,0,27,127,74,1,0,52,0,0,19,0,748,65,928,0
Garrison,834,8,2,2,4,2,1,1,0,0,0,0,0,0,0,0,0,0,0,0,0,0,0,0,0,0,0,0,0,0
Gatesville,16230,512,164,274,74,152,18,113,21,2,2,0,0,0,0,0,0,10,5,0,0,5,0,0,2,0,43,14,54,0
Georgetown,87871,2771,712,1702,357,652,92,495,65,1,0,1,0,0,0,0,15,44,19,15,3,7,0,0,5,0,187,48,215,0
George West,2155,112,45,47,20,41,11,28,2,0,0,0,0,0,0,0,0,4,1,1,0,2,0,0,0,0,13,0,11,0
Giddings,5202,238,85,117,36,78,10,49,19,1,1,0,0,0,0,0,0,6,6,0,0,0,0,0,0,0,9,8,22,0
Gilmer,5119,339,86,207,46,73,12,48,13,1,0,1,0,5,2,3,0,7,5,0,0,2,0,0,1,0,12,15,27,0
Gladewater,6271,173,60,88,25,52,15,30,7,0,0,0,0,0,0,0,0,8,5,0,1,2,0,0,0,0,8,6,15,0
Glenn Heights,19628,626,238,279,109,231,39,164,28,0,0,0,0,0,0,0,0,7,4,0,0,3,0,0,0,0,13,0,54,0
Godley,3545,75,12,37,26,12,3,9,0,0,0,0,0,0,0,0,0,0,0,0,0,0,0,0,0,0,6,1,6,0
Gonzales,7210,467,134,202,131,128,117,8,3,0,0,0,0,0,0,0,1,5,3,0,2,0,0,0,2,0,23,13,41,0
Graham,8767,363,70,99,194,60,4,44,12,0,0,0,0,0,0,0,0,10,5,1,0,4,0,0,0,0,5,2,4,0
Granbury,13124,820,163,523,134,153,11,129,13,4,3,1,0,0,0,0,0,6,6,0,0,0,0,0,1,0,12,14,63,0
Grand Prairie,205487,9045,1606,4761,2678,1509,275,1187,47,6,4,1,1,0,0,0,3,88,53,5,1,29,0,0,8,0,274,82,818,0
Grand Saline,3272,57,11,32,14,11,3,8,0,0,0,0,0,0,0,0,0,0,0,0,0,0,0,0,0,0,4,0,7,0
Granger,1186,24,11,12,1,11,0,11,0,0,0,0,0,0,0,0,0,0,0,0,0,0,0,0,0,0,5,1,3,0
Grapeland,1480,21,8,12,1,8,0,8,0,0,0,0,0,0,0,0,0,0,0,0,0,0,0,0,0,0,6,0,0,0
Grapevine,51458,2468,433,1651,384,397,64,280,53,2,2,0,0,0,0,0,0,34,12,1,6,15,0,0,2,1,98,44,53,0
Greenville,32547,1222,332,508,382,309,42,256,11,2,2,0,0,0,0,0,1,20,17,1,0,2,0,0,3,0,63,7,13,0
Groesbeck,3617,194,56,102,36,56,4,40,12,0,0,0,0,0,0,0,0,0,0,0,0,0,0,0,0,0,20,4,13,0
Groves,16554,597,204,320,73,194,48,134,12,0,0,0,0,0,0,0,0,10,6,1,0,3,0,0,1,0,33,19,72,0
Gun Barrel City,6660,291,63,186,42,60,10,50,0,0,0,0,0,0,0,0,0,3,1,0,0,2,0,0,0,0,30,6,36,0
Gunter,2580,28,4,20,4,4,0,4,0,0,0,0,0,0,0,0,0,0,0,0,0,0,0,0,0,0,2,0,8,0
Hale Center,1997,41,16,22,3,13,4,8,1,0,0,0,0,0,0,0,0,3,1,0,0,2,0,0,0,0,1,1,1,0
Hallettsville,2736,176,58,38,80,56,13,33,10,0,0,0,0,0,0,0,2,0,0,0,0,0,0,0,0,0,3,4,16,0
Hallsville,4829,37,11,17,9,9,0,9,0,1,1,0,0,0,0,0,0,1,1,0,0,0,0,0,0,0,5,1,1,0
Haltom City,45298,2560,609,1681,270,564,92,398,74,4,3,1,0,1,0,1,9,31,19,4,0,8,0,0,4,0,164,33,414,0
Hamilton,2880,129,45,56,28,43,9,34,0,1,1,0,0,0,0,0,0,1,0,0,0,1,0,0,0,0,9,3,15,0
Hamlin,1859,40,21,6,13,20,4,16,0,0,0,0,0,0,0,0,0,1,0,0,0,1,0,0,0,0,2,0,0,0
Harker Heights,34540,1131,263,602,266,236,48,156,32,6,4,1,1,0,0,0,2,19,10,3,0,6,0,0,0,0,44,31,113,0
Harlingen,71581,5073,1314,2872,887,1270,172,875,223,1,1,0,0,9,2,7,12,22,7,4,0,11,0,0,9,0,279,67,543,0
Haskell,3061,35,10,20,5,10,1,8,1,0,0,0,0,0,0,0,0,0,0,0,0,0,0,0,0,0,4,0,0,0
Hawkins,1389,53,17,23,13,17,2,15,0,0,0,0,0,0,0,0,0,0,0,0,0,0,0,0,0,0,7,0,2,0
Hawley,572,0,0,0,0,0,0,0,0,0,0,0,0,0,0,0,0,0,0,0,0,0,0,0,0,0,0,0,0,0
Hearne,4541,104,55,36,13,53,11,42,0,0,0,0,0,0,0,0,0,2,2,0,0,0,0,0,0,0,13,1,3,0
Heath,11188,241,77,80,84,75,6,58,11,0,0,0,0,0,0,0,0,2,2,0,0,0,0,0,0,0,6,1,12,0
Hedwig Village,2302,200,8,176,16,8,0,6,2,0,0,0,0,0,0,0,0,0,0,0,0,0,0,0,0,1,4,7,13,0
Helotes,9854,372,38,200,134,35,1,27,7,0,0,0,0,0,0,0,0,3,2,0,0,1,0,0,0,0,25,4,24,0
Hempstead,6545,392,100,220,72,97,23,67,7,0,0,0,0,1,0,1,0,2,2,0,0,0,0,0,0,0,25,13,45,0
Henderson,13446,1267,475,661,131,451,59,341,51,3,1,2,0,0,0,0,0,21,9,0,0,11,1,0,1,0,75,19,153,0
Hereford,14687,686,171,425,90,155,17,135,3,0,0,0,0,0,0,0,1,15,6,1,3,5,0,0,1,0,78,13,120,0
Hewitt,16615,679,146,332,201,132,7,95,30,0,0,0,0,0,0,0,1,13,7,0,0,6,0,0,1,0,26,11,33,0
Hickory Creek,5760,162,26,99,37,26,4,17,5,0,0,0,0,0,0,0,0,0,0,0,0,0,0,0,1,0,7,1,12,0
Hico,1407,0,0,0,0,0,0,0,0,0,0,0,0,0,0,0,0,0,0,0,0,0,0,0,0,0,0,0,0,0
Hidalgo,14660,546,182,318,46,168,18,114,36,0,0,0,0,0,0,0,3,11,5,0,1,5,0,0,0,0,18,0,47,0
Highland Park,8707,354,28,260,66,27,7,20,0,0,0,0,0,0,0,0,0,1,0,0,1,0,0,0,0,0,25,9,11,0
Highland Village,16185,476,98,266,112,91,2,66,23,0,0,0,0,0,0,0,1,6,2,0,0,4,0,0,0,0,2,19,28,0
Hill Country Village,947,76,8,39,29,8,1,2,5,0,0,0,0,0,0,0,0,0,0,0,0,0,0,0,0,0,7,3,7,0
Hillsboro,8723,467,133,251,83,123,20,81,22,0,0,0,0,0,0,0,1,9,6,0,0,3,0,0,2,0,15,9,27,0
Hitchcock,7812,437,158,237,42,140,18,118,4,0,0,0,0,0,0,0,0,18,10,0,0,8,0,0,6,0,24,1,51,0
Holiday Lakes,1058,27,11,15,1,9,0,7,2,0,0,0,0,0,0,0,0,2,0,1,0,1,0,0,0,0,3,0,4,0
Hollywood Park,3078,182,12,85,85,12,1,10,1,0,0,0,0,0,0,0,0,0,0,0,0,0,0,0,0,0,5,0,20,0
Hondo,8800,474,108,243,123,97,12,79,6,1,1,0,0,0,0,0,1,9,4,2,0,3,0,0,0,0,27,5,69,0
Honey Grove,1783,32,7,20,5,6,0,6,0,0,0,0,0,0,0,0,0,1,1,0,0,0,0,0,0,0,0,1,7,0
Hooks,2481,95,23,66,6,21,11,5,5,1,0,1,0,0,0,0,0,1,1,0,0,0,0,0,0,0,1,3,9,0
Horizon City,23662,633,149,366,118,135,12,87,36,0,0,0,0,0,0,0,3,11,3,4,0,4,0,0,1,0,15,7,98,0
Horseshoe Bay,5009,114,34,60,20,33,4,22,7,0,0,0,0,0,0,0,0,1,1,0,0,0,0,0,0,0,13,2,7,0
Houston,2304406,226706,66820,145839,14047,63869,16717,26216,20936,365,343,3,19,84,71,13,382,2120,781,666,8,665,0,0,373,9,13411,3270,21367,0
Howe,3756,71,23,21,27,23,1,13,9,0,0,0,0,0,0,0,0,0,0,0,0,0,0,0,0,0,3,0,0,0
Hudson Oaks,2661,123,9,105,9,7,3,2,2,1,1,0,0,0,0,0,0,1,1,0,0,0,0,0,0,0,5,5,7,0
Humble,16143,2804,423,2138,243,391,81,287,23,1,1,0,0,0,0,0,1,30,26,1,1,2,0,0,5,0,107,43,272,0
Huntington,2067,26,12,11,3,12,1,11,0,0,0,0,0,0,0,0,0,0,0,0,0,0,0,0,0,0,1,1,1,0
Huntsville,48064,2209,753,1172,284,699,184,452,63,8,7,1,0,1,1,0,2,43,34,1,0,7,1,0,4,0,112,33,162,0
Hurst,39299,2414,510,1370,534,463,56,363,44,2,2,0,0,0,0,0,7,38,23,0,0,15,0,0,0,0,76,40,140,0
Hutchins,5641,490,95,360,35,84,22,44,18,0,0,0,0,0,0,0,3,8,6,0,0,2,0,0,0,0,20,0,56,0
Hutto,41911,888,213,505,170,204,16,172,16,1,1,0,0,0,0,0,0,8,3,2,1,2,0,0,0,0,67,11,58,0
Idalou,2099,20,7,9,4,7,4,1,2,0,0,0,0,0,0,0,0,0,0,0,0,0,0,0,0,1,0,0,3,0
Ingleside,10360,488,167,249,72,147,38,77,32,1,1,0,0,0,0,0,4,15,12,0,0,3,0,0,0,0,41,7,51,0
Iowa Colony,13236,243,112,116,15,109,6,99,4,1,0,1,0,0,0,0,0,2,1,0,0,1,0,0,0,0,13,2,17,0
Iowa Park,6603,91,32,43,16,29,8,16,5,0,0,0,0,0,0,0,0,3,1,0,0,2,0,0,0,0,7,2,6,0
Irving,255203,17130,3684,10106,3340,3364,447,2325,592,16,13,3,0,8,6,2,54,242,89,45,21,87,0,0,7,0,614,183,2563,0
Italy,2086,34,8,24,2,8,5,2,1,0,0,0,0,0,0,0,0,0,0,0,0,0,0,0,0,0,13,0,0,0
Itasca,1872,10,1,6,3,1,0,1,0,0,0,0,0,0,0,0,0,0,0,0,0,0,0,0,0,0,3,0,1,0
Jacinto City,9192,475,74,358,43,73,3,69,1,0,0,0,0,0,0,0,0,1,0,0,0,1,0,0,1,0,8,9,55,0
Jacksboro,4421,99,47,32,20,42,7,27,8,1,0,1,0,0,0,0,0,4,3,0,0,1,0,0,1,0,3,1,9,0
Jacksonville,14309,1058,261,502,295,243,52,191,0,3,2,1,0,0,0,0,7,8,4,0,0,4,0,0,0,0,58,22,94,0
Jamaica Beach,1060,30,2,13,15,1,1,0,0,0,0,0,0,0,0,0,0,1,1,0,0,0,0,0,0,0,1,0,2,0
Jarrell,4744,152,30,32,90,27,3,22,2,0,0,0,0,0,0,0,0,3,1,0,0,2,0,0,0,0,4,6,3,0
Jasper,7701,535,132,339,64,126,22,98,6,4,1,3,0,0,0,0,1,1,0,0,0,1,0,0,7,0,50,10,47,0
Jefferson,1835,62,12,38,12,12,7,5,0,0,0,0,0,0,0,0,0,0,0,0,0,0,0,0,0,0,3,2,6,0
Jersey Village,7496,475,74,321,80,71,14,54,3,1,1,0,0,0,0,0,0,2,1,0,0,1,0,0,0,0,10,8,52,0
Jonestown,2674,87,26,48,13,25,2,19,4,0,0,0,0,0,0,0,0,1,0,1,0,0,0,0,0,0,7,0,8,0
Josephine,4785,93,37,43,13,33,3,16,14,0,0,0,0,0,0,0,0,4,4,0,0,0,0,0,0,0,16,1,13,0
Joshua,9054,256,54,113,89,48,9,37,2,0,0,0,0,0,0,0,2,4,1,1,0,2,0,0,0,0,12,9,17,0
Jourdanton,4342,179,72,39,68,70,22,38,10,2,2,0,0,0,0,0,0,0,0,0,0,0,0,0,0,0,4,3,8,0
Junction,2554,46,21,8,17,20,2,18,0,1,1,0,0,0,0,0,0,0,0,0,0,0,0,0,0,0,1,1,1,0
Karnes City,3112,117,20,50,47,20,4,10,6,0,0,0,0,0,0,0,0,0,0,0,0,0,0,0,0,0,9,0,18,0
Katy,26776,2007,258,1381,368,232,28,183,21,0,0,0,0,1,0,1,2,23,17,1,0,5,0,0,0,0,35,29,198,0
Kaufman,8935,629,81,189,359,76,11,61,4,0,0,0,0,0,0,0,1,4,0,0,0,4,0,0,0,0,13,14,29,0
Keene,6884,228,64,80,84,58,6,48,4,1,1,0,0,0,0,0,1,4,3,0,0,1,0,0,2,0,14,0,16,0
Keller,45024,996,202,606,188,187,22,139,26,2,0,2,0,0,0,0,0,13,4,3,0,6,0,0,1,0,44,24,69,0
Kemah,1783,143,40,84,19,33,4,27,2,0,0,0,0,0,0,0,1,6,5,0,0,1,0,0,0,0,9,0,10,0
Kemp,1327,100,26,31,43,25,5,10,10,0,0,0,0,0,0,0,0,1,0,0,0,1,0,0,0,0,3,0,6,0
Kempner,1278,5,1,3,1,0,0,0,0,0,0,0,0,0,0,0,0,1,0,0,0,1,0,0,0,0,2,0,0,0
Kenedy,3404,144,42,89,13,41,5,35,1,0,0,0,0,0,0,0,0,1,0,0,0,1,0,0,0,0,20,0,19,0
Kennedale,9781,313,102,116,95,100,14,82,4,0,0,0,0,0,0,0,0,2,2,0,0,0,0,0,0,0,6,2,31,0
Kerens,1460,40,13,24,3,13,7,6,0,0,0,0,0,0,0,0,0,0,0,0,0,0,0,0,0,0,3,1,2,0
Kermit,5694,77,41,33,3,39,5,33,1,0,0,0,0,0,0,0,0,2,1,0,0,1,0,0,1,0,6,0,6,0
Kerrville,24962,1009,346,334,329,322,33,237,52,2,1,1,0,3,3,0,3,16,6,1,1,8,0,0,0,0,31,25,56,0
Kilgore,13527,1576,224,505,847,215,26,151,38,0,0,0,0,0,0,0,4,5,2,1,0,2,0,0,0,0,38,19,40,0
Killeen,161968,9178,2982,4424,1772,2777,605,1940,232,10,9,1,0,0,0,0,46,149,84,10,6,49,0,0,7,1,497,81,833,0
Kingsville,24579,1678,454,897,327,443,58,360,25,0,0,0,0,0,0,0,0,11,6,0,5,0,0,0,0,0,85,18,244,0
Kirby,8058,322,84,221,17,80,56,7,17,0,0,0,0,0,0,0,0,4,2,0,0,2,0,0,1,0,22,2,71,0
Knox City,1024,37,13,21,3,12,3,7,2,0,0,0,0,0,0,0,0,1,1,0,0,0,0,0,1,0,5,1,3,0
Kountze,2258,57,21,21,15,20,4,16,0,0,0,0,0,0,0,0,0,1,0,0,0,1,0,0,0,0,10,1,3,0
Kyle,63931,2226,677,1018,531,634,124,454,56,0,0,0,0,0,0,0,19,24,13,3,5,3,0,0,0,1,45,31,177,0
Lacy-Lakeview,7333,404,137,147,120,127,21,100,6,6,3,3,0,0,0,0,1,3,2,1,0,0,0,0,1,0,25,3,33,0
La Feria,6790,343,81,158,104,78,22,50,6,0,0,0,0,0,0,0,2,1,0,0,0,1,0,0,1,0,13,4,18,0
Lago Vista,10066,216,74,127,15,66,9,51,6,0,0,0,0,0,0,0,1,7,3,2,2,0,0,0,0,0,6,5,32,0
La Grange,4478,241,69,139,33,64,6,47,11,0,0,0,0,0,0,0,0,5,2,0,0,3,0,0,0,0,16,2,28,0
La Grulla,1203,37,16,21,0,14,4,9,1,0,0,0,0,0,0,0,0,2,2,0,0,0,0,0,0,0,5,0,5,0
Laguna Vista,3754,76,16,55,5,15,2,13,0,0,0,0,0,0,0,0,0,1,1,0,0,0,0,0,0,0,7,1,14,0
La Joya,4748,113,38,52,23,37,21,7,9,0,0,0,0,0,0,0,0,1,1,0,0,0,0,0,1,0,11,1,15,0
Lake Dallas,7885,156,61,79,16,58,7,48,3,0,0,0,0,0,0,0,0,3,1,0,0,1,1,0,0,0,8,4,19,0
Lake Jackson,27432,1207,431,681,95,403,51,319,33,1,1,0,0,0,0,0,9,18,11,1,0,6,0,0,0,0,44,23,83,0
Lakeport,992,2,1,1,0,1,0,1,0,0,0,0,0,0,0,0,0,0,0,0,0,0,0,0,0,0,1,0,0,0
Lakeside,1592,37,7,26,4,7,2,4,1,0,0,0,0,0,0,0,0,0,0,0,0,0,0,0,0,0,3,0,2,0
Lakeview Harrison County,6633,215,56,87,72,53,6,36,11,0,0,0,0,0,0,0,0,3,3,0,0,0,0,0,0,0,8,4,16,0
Lakeway,19519,577,89,314,174,83,9,62,12,0,0,0,0,0,0,0,1,5,4,0,0,1,0,0,1,0,31,26,33,0
Lake Worth,4652,793,82,539,172,77,13,52,12,0,0,0,0,0,0,0,1,4,4,0,0,0,0,0,0,0,21,11,41,0
La Marque,19503,1286,520,553,213,483,62,328,93,4,4,0,0,0,0,0,2,31,22,0,0,9,0,0,2,0,73,12,83,0
Lamesa,8300,332,131,132,69,118,22,72,24,2,0,2,0,0,0,0,5,6,4,0,0,2,0,0,2,0,32,7,26,0
Lampasas,7894,737,232,355,150,219,20,147,52,1,1,0,0,0,0,0,0,12,6,1,0,5,0,0,0,0,13,7,87,0
Lancaster,40292,2476,602,1670,204,580,164,374,42,5,4,1,0,0,0,0,1,16,6,1,0,9,0,0,4,1,140,8,328,0
La Porte,37221,1466,576,477,413,554,61,459,34,1,0,1,0,0,0,0,0,21,6,1,0,14,0,0,2,0,55,12,24,0
Laredo,256542,10569,3742,5514,1313,3479,869,1644,966,11,10,1,0,4,0,4,53,195,100,22,7,66,0,0,36,2,452,55,1096,0
La Vernia,1315,130,10,55,65,8,0,8,0,0,0,0,0,0,0,0,0,2,2,0,0,0,0,0,0,0,1,5,6,0
La Villa,3091,141,51,84,6,51,15,34,2,0,0,0,0,0,0,0,0,0,0,0,0,0,0,0,0,0,3,0,22,0
Lavon,7814,203,65,117,21,62,24,35,3,0,0,0,0,0,0,0,0,3,3,0,0,0,0,0,0,0,33,1,15,0
League City,115791,4082,1069,2404,609,1020,82,844,94,6,4,2,0,0,0,0,1,42,25,4,1,12,0,0,0,1,136,69,258,0
Leander,82228,1813,648,1007,158,588,26,523,39,1,0,1,0,0,0,0,9,50,24,2,0,24,0,0,3,1,75,16,152,0
Leon Valley,11370,1557,290,946,321,282,49,187,46,0,0,0,0,0,0,0,0,8,5,2,0,1,0,0,1,1,47,27,160,0
Levelland,12194,526,145,272,109,134,67,47,20,2,1,1,0,0,0,0,2,7,4,0,1,2,0,0,1,0,57,24,63,0
Lewisville,133694,6120,1463,3702,955,1368,186,947,235,9,8,1,0,1,1,0,14,71,19,3,40,9,0,0,3,0,186,89,376,0
Lexington,1300,23,5,9,9,4,0,2,2,0,0,0,0,0,0,0,0,1,1,0,0,0,0,0,0,0,0,0,3,0
Liberty,8808,407,124,257,26,120,30,61,29,0,0,0,0,0,0,0,0,4,3,0,0,1,0,0,1,2,19,27,28,0
Liberty Hill,7018,158,44,73,41,42,3,36,3,0,0,0,0,0,0,0,0,2,1,0,0,1,0,0,0,0,10,3,11,0
Lindale,6953,221,43,142,36,40,10,23,7,0,0,0,0,0,0,0,0,3,2,0,0,1,0,0,1,0,3,9,19,0
Little Elm,59954,1289,505,492,292,447,80,280,87,1,1,0,0,1,1,0,2,54,37,1,0,16,0,0,2,0,23,17,73,0
Littlefield,5707,237,63,135,39,63,10,8,45,0,0,0,0,0,0,0,0,0,0,0,0,0,0,0,1,0,25,5,31,0
Live Oak,16020,1552,162,1002,388,146,9,107,30,0,0,0,0,0,0,0,1,15,11,1,0,2,1,0,0,0,67,12,82,0
Livingston,5813,712,198,390,124,188,29,137,22,0,0,0,0,0,0,0,0,10,3,2,1,4,0,0,0,0,19,12,36,0
Llano,3564,80,24,53,3,24,2,21,1,0,0,0,0,0,0,0,0,0,0,0,0,0,0,0,0,0,8,1,4,0
Lockhart,15310,513,112,294,107,107,6,100,1,0,0,0,0,0,0,0,0,5,2,0,0,3,0,0,0,0,98,9,44,0
Log Cabin,819,23,7,11,5,7,1,5,1,0,0,0,0,0,0,0,0,0,0,0,0,0,0,0,0,0,0,1,0,0
Lone Star,1403,33,16,15,2,16,3,13,0,0,0,0,0,0,0,0,0,0,0,0,0,0,0,0,0,0,2,0,5,0
Longview,82981,5531,1379,3175,977,1291,253,704,334,12,9,2,1,0,0,0,8,68,42,4,0,22,0,0,1,0,297,131,566,0
Lorena,1779,97,31,30,36,29,7,4,18,1,0,1,0,0,0,0,0,1,0,0,0,1,0,0,0,0,1,1,3,0
Los Fresnos,8260,448,85,162,201,82,61,10,11,0,0,0,0,0,0,0,0,3,2,1,0,0,0,0,0,0,11,5,19,0
Lubbock,266960,25769,7581,14787,3401,7135,1687,4416,1032,24,16,5,3,6,6,0,55,361,173,59,30,99,0,0,83,5,1638,467,2565,0
Lufkin,34193,2846,751,1574,521,682,135,485,62,4,2,2,0,2,2,0,5,58,34,3,2,19,0,0,2,0,134,70,256,0
Luling,5528,241,64,127,50,62,14,37,11,0,0,0,0,0,0,0,0,2,1,0,0,1,0,0,0,0,11,8,14,0
Lumberton,14264,390,115,151,124,108,11,84,13,0,0,0,0,1,1,0,0,6,2,1,0,3,0,0,0,0,17,8,16,0
Lyford,2237,42,10,32,0,8,3,5,0,0,0,0,0,0,0,0,0,2,0,1,0,1,0,0,0,0,1,0,6,0
Lytle,3120,215,15,138,62,13,1,12,0,0,0,0,0,0,0,0,0,2,0,0,0,2,0,0,0,0,16,5,35,0
Madisonville,4638,180,43,110,27,39,10,22,7,0,0,0,0,0,0,0,3,1,1,0,0,0,0,0,0,0,13,2,14,0
Magnolia,3921,116,21,45,50,20,2,17,1,0,0,0,0,0,0,0,0,1,1,0,0,0,0,0,0,0,11,1,6,0
Manor,22185,766,136,550,80,130,23,79,28,2,2,0,0,0,0,0,3,1,1,0,0,0,0,0,3,0,40,4,132,0
Mansfield,78788,2176,366,1580,230,341,63,219,59,1,1,0,0,0,0,0,0,24,15,0,0,9,0,0,3,0,102,34,155,0
Manvel,17817,402,117,183,102,106,14,86,6,0,0,0,0,0,0,0,1,10,9,0,0,1,0,0,1,0,32,3,22,0
Marble Falls,7598,614,171,251,192,158,21,118,19,0,0,0,0,0,0,0,0,13,13,0,0,0,0,0,1,0,22,6,49,0
Marfa,1695,27,7,4,16,5,1,4,0,0,0,0,0,0,0,0,0,2,0,0,0,2,0,0,0,0,0,0,2,0
Marion,1077,9,1,3,5,1,0,1,0,0,0,0,0,0,0,0,0,0,0,0,0,0,0,0,0,0,2,1,0,0
Marlin,5488,228,62,72,94,56,20,31,5,0,0,0,0,0,0,0,1,5,3,0,1,1,0,0,1,0,23,2,18,0
Marshall,23790,1098,353,625,120,339,90,190,59,2,2,0,0,0,0,0,1,11,7,1,0,3,0,0,0,0,133,22,114,0
Mathis,4262,277,66,123,88,66,16,49,1,0,0,0,0,0,0,0,0,0,0,0,0,0,0,0,1,0,20,0,37,0
Maud,969,0,0,0,0,0,0,0,0,0,0,0,0,0,0,0,0,0,0,0,0,0,0,0,0,0,0,0,0,0
Maypearl,953,0,0,0,0,0,0,0,0,0,0,0,0,0,0,0,0,0,0,0,0,0,0,0,0,0,0,0,0,0
McAllen,145684,8492,2690,4308,1494,2581,118,1905,558,8,7,1,0,1,1,0,5,95,40,6,6,43,0,0,3,0,163,75,904,0
McKinney,212716,4733,1199,3080,454,1120,156,885,79,5,5,0,0,0,0,0,8,66,20,19,1,26,0,0,7,0,169,80,505,0
Meadows Place,4598,175,20,132,23,19,1,15,3,0,0,0,0,0,0,0,0,1,1,0,0,0,0,0,0,0,8,1,9,0
Melissa,22495,265,72,115,78,71,7,56,8,1,0,1,0,0,0,0,0,0,0,0,0,0,0,0,0,0,16,0,10,0
Memorial Villages,11121,187,12,143,32,11,1,10,0,1,1,0,0,0,0,0,0,0,0,0,0,0,0,0,0,0,5,6,19,0
Mercedes,16949,1424,446,826,152,425,63,245,117,0,0,0,0,0,0,0,0,21,11,5,1,4,0,0,3,0,39,10,174,0
Meridian,1427,29,13,9,7,12,1,8,3,0,0,0,0,0,0,0,0,1,0,0,0,1,0,0,0,0,0,1,2,0
Merkel,2409,35,10,19,6,7,3,3,1,0,0,0,0,0,0,0,0,3,2,1,0,0,0,0,0,0,1,2,6,0
Mesquite,147926,12014,2953,7302,1759,2848,549,1910,389,9,5,1,3,0,0,0,19,77,38,10,7,22,0,0,10,2,437,76,831,0
Mexia,6858,204,80,90,34,71,25,33,13,0,0,0,0,0,0,0,1,8,2,1,0,5,0,0,1,0,16,1,12,0
Midland,135253,7744,2785,3691,1268,2654,445,2021,188,7,7,0,0,0,0,0,26,98,78,5,3,12,0,0,4,1,368,109,727,0
Midlothian,40287,1506,401,732,373,385,32,308,45,0,0,0,0,0,0,0,3,13,6,1,0,6,0,0,3,0,30,10,141,0
Miles,924,2,1,1,0,1,0,1,0,0,0,0,0,0,0,0,0,0,0,0,0,0,0,0,0,0,0,1,0,0
Milford,748,23,7,2,14,7,3,4,0,0,0,0,0,0,0,0,0,0,0,0,0,0,0,0,0,0,0,0,0,0
Mineola,5093,283,45,117,121,42,7,28,7,0,0,0,0,0,0,0,1,2,1,0,0,1,0,0,0,0,4,2,11,0
Mineral Wells,15347,992,255,682,55,231,31,158,42,0,0,0,0,0,0,0,2,22,22,0,0,0,0,0,2,0,145,24,149,0
Mission,87031,3588,1323,1510,755,1264,137,740,387,1,1,0,0,0,0,0,5,53,19,8,0,26,0,0,5,0,100,36,136,0
Missouri City,77560,1864,621,990,253,577,83,439,55,1,1,0,0,0,0,0,3,40,22,6,0,12,0,0,4,0,48,15,126,0
Monahans,7073,326,110,175,41,99,30,60,9,0,0,0,0,0,0,0,0,11,5,0,1,5,0,0,3,0,28,1,24,0
Mont Belvieu,9539,456,95,268,93,88,14,46,28,0,0,0,0,0,0,0,1,6,4,0,2,0,0,0,0,1,16,13,39,0
Montgomery,2700,157,23,55,79,21,1,18,2,0,0,0,0,0,0,0,0,2,1,0,0,1,0,0,0,0,2,5,3,0
Morgans Point Resort,4829,101,20,34,47,18,1,12,5,0,0,0,0,0,0,0,0,2,2,0,0,0,0,0,0,0,3,2,8,0
Moulton,856,5,3,2,0,2,0,2,0,0,0,0,0,0,0,0,0,1,1,0,0,0,0,0,0,0,0,0,0,0
Mount Enterprise,508,11,2,1,8,2,0,2,0,0,0,0,0,0,0,0,0,0,0,0,0,0,0,0,0,0,0,0,1,0
Mount Pleasant,15970,1042,228,485,329,206,54,110,42,4,3,1,0,0,0,0,0,18,11,1,0,6,0,0,1,0,31,32,66,0
Mount Vernon,2565,65,24,26,15,22,2,20,0,0,0,0,0,0,0,0,1,1,1,0,0,0,0,0,0,0,4,6,2,0
Muleshoe,5016,87,45,35,7,42,4,24,14,0,0,0,0,0,0,0,0,3,0,0,0,3,0,0,0,0,12,1,7,0
Murphy,21218,377,143,189,45,134,7,92,35,2,2,0,0,0,0,0,1,6,3,2,0,1,0,0,0,0,9,4,9,0
Nacogdoches,31936,2010,668,802,540,623,42,512,69,4,4,0,0,0,0,0,9,32,25,1,0,6,0,0,1,0,73,29,130,0
Nash,4352,110,29,41,40,24,9,14,1,4,4,0,0,0,0,0,0,1,0,0,1,0,0,0,1,0,2,5,7,0
Nassau Bay,5086,266,46,161,59,38,4,27,7,0,0,0,0,0,0,0,0,8,5,1,0,2,0,0,0,0,26,8,38,0
Natalia,1363,49,15,20,14,14,6,8,0,0,0,0,0,0,0,0,0,1,0,0,0,1,0,0,0,0,3,0,6,0
Navasota,8784,680,227,250,203,203,56,125,22,1,1,0,0,0,0,0,7,16,13,0,0,3,0,0,0,0,28,6,51,0
Nederland,17881,686,210,358,118,197,35,95,67,0,0,0,0,0,0,0,1,12,9,0,0,3,0,0,0,0,27,14,68,0
Needville,3093,61,23,34,4,20,3,13,4,1,1,0,0,0,0,0,0,2,1,0,0,1,0,0,0,0,0,0,1,0
New Boston,4515,322,75,214,33,73,11,47,15,0,0,0,0,0,0,0,0,2,0,0,0,2,0,0,2,0,23,11,28,0
New Braunfels,111942,4184,1071,2178,935,1037,117,882,38,1,0,1,0,0,0,0,1,32,12,5,5,10,0,0,1,0,182,80,385,0
New London,984,17,4,8,5,2,2,0,0,0,0,0,0,0,0,0,1,1,0,1,0,0,0,0,1,0,4,0,1,0
Newton,1571,46,13,31,2,11,7,4,0,0,0,0,0,0,0,0,0,2,2,0,0,0,0,0,0,0,12,1,5,0
Nolanville,7164,157,52,80,25,46,6,26,14,1,1,0,0,0,0,0,0,5,1,1,0,3,0,0,0,0,17,0,12,0
Northeast,4132,25,3,7,15,3,0,3,0,0,0,0,0,0,0,0,0,0,0,0,0,0,0,0,0,0,0,1,1,0
Northlake,11186,302,81,174,47,70,8,43,19,1,1,0,0,0,0,0,4,6,3,1,0,2,0,0,0,1,14,5,16,0
North Richland Hills,70853,3644,795,2146,703,736,90,534,112,1,1,0,0,0,0,0,12,46,29,2,1,14,0,0,3,0,171,68,147,0
Oak Ridge Kaufman County,1307,4,0,4,0,0,0,0,0,0,0,0,0,0,0,0,0,0,0,0,0,0,0,0,0,0,3,0,0,0
Oak Ridge North,2968,203,32,83,88,32,2,25,5,0,0,0,0,0,0,0,0,0,0,0,0,0,0,0,0,0,3,8,4,0
Odem,2246,5,0,4,1,0,0,0,0,0,0,0,0,0,0,0,0,0,0,0,0,0,0,0,0,0,1,0,0,0
Odessa,111922,6601,2616,2985,1000,2524,346,2073,105,9,7,2,0,2,2,0,4,77,38,4,0,35,0,0,13,1,284,99,536,0
Olmos Park,2158,159,5,82,72,5,2,3,0,0,0,0,0,0,0,0,0,0,0,0,0,0,0,0,0,0,11,1,24,0
Olney,3003,95,24,19,52,23,4,19,0,0,0,0,0,0,0,0,0,1,0,0,0,1,0,0,0,0,3,3,2,0
Onalaska,3276,223,80,93,50,75,14,55,6,0,0,0,0,0,0,0,1,4,3,1,0,0,0,0,1,0,11,6,17,0
Orange,18978,833,226,433,174,204,67,117,20,2,2,0,0,0,0,0,3,17,12,0,0,5,0,0,2,0,87,7,71,0
Overton,2306,104,34,38,32,32,3,28,1,0,0,0,0,0,0,0,0,2,1,1,0,0,0,0,0,0,7,0,10,0
Ovilla,4440,43,11,26,6,11,1,5,5,0,0,0,0,0,0,0,0,0,0,0,0,0,0,0,0,1,2,1,1,0
Oyster Creek,1210,67,32,32,3,31,1,27,3,0,0,0,0,0,0,0,0,1,1,0,0,0,0,0,0,0,12,2,6,0
Palacios,4336,165,38,105,22,37,15,5,17,0,0,0,0,0,0,0,0,1,1,0,0,0,0,0,1,0,13,2,27,0
Palestine,19190,1025,341,432,252,310,61,194,55,1,1,0,0,1,0,1,5,24,16,3,0,5,0,0,8,0,49,15,51,0
Palmer,2522,53,11,29,13,9,0,9,0,0,0,0,0,0,0,0,1,1,0,0,1,0,0,0,0,0,2,3,7,0
Palmhurst,2586,272,17,240,15,16,1,15,0,0,0,0,0,0,0,0,1,0,0,0,0,0,0,0,0,0,1,2,11,0
Palmview,15877,564,200,306,58,195,47,116,32,0,0,0,0,0,0,0,3,2,2,0,0,0,0,0,1,0,55,5,64,0
Pampa,16500,982,315,521,146,297,69,174,54,1,1,0,0,0,0,0,3,14,9,1,0,4,0,0,3,0,69,26,108,0
Pantego,2472,104,19,70,15,15,12,3,0,0,0,0,0,0,0,0,3,1,1,0,0,0,0,0,0,0,8,3,7,0
Paris,24793,2087,845,962,280,803,113,518,172,1,1,0,0,0,0,0,4,37,21,4,1,11,0,0,3,0,140,38,174,0
Parker,6367,83,23,50,10,23,1,10,12,0,0,0,0,0,0,0,0,0,0,0,0,0,0,0,0,0,2,0,12,0
Pasadena,145850,9373,2919,5574,880,2733,633,1596,504,12,11,1,0,0,0,0,8,166,116,16,1,33,0,0,11,0,443,130,916,0
Patton Village,1883,88,24,26,38,23,7,14,2,0,0,0,0,0,0,0,0,1,0,0,0,1,0,0,0,0,3,1,5,0
Payne Springs,753,6,1,5,0,1,0,1,0,0,0,0,0,0,0,0,0,0,0,0,0,0,0,0,0,0,2,0,0,0
Pearland,127433,5508,1120,3007,1381,1074,84,891,99,2,2,0,0,0,0,0,7,37,19,2,2,14,0,0,2,0,134,89,251,0
Pearsall,8926,288,93,181,14,92,25,62,5,0,0,0,0,0,0,0,0,1,1,0,0,0,0,0,0,0,47,5,63,0
Pecos,10335,231,96,106,29,91,76,10,5,1,1,0,0,0,0,0,0,4,3,0,0,1,0,0,0,0,11,5,24,0
Penitas,6278,126,43,82,1,41,9,31,1,0,0,0,0,0,0,0,0,2,0,0,0,2,0,0,0,0,4,0,10,0
Perryton,7994,178,73,82,23,62,24,31,7,0,0,0,0,0,0,0,5,6,4,0,1,1,0,0,0,0,11,3,26,0
Petersburg,971,3,3,0,0,3,1,2,0,0,0,0,0,0,0,0,0,0,0,0,0,0,0,0,0,0,0,0,0,0
Pflugerville,65599,2658,409,1589,660,372,74,272,26,1,1,0,0,0,0,0,2,34,25,4,0,5,0,0,0,1,72,16,281,0
Pharr,80359,3386,1060,1767,559,975,147,739,89,2,2,0,0,0,0,0,15,68,27,2,2,37,0,0,2,0,180,13,298,0
Pilot Point,5142,137,39,72,26,36,3,32,1,0,0,0,0,0,0,0,0,3,0,1,0,2,0,0,1,0,6,4,8,0
Pinehurst,2199,67,15,50,2,15,11,0,4,0,0,0,0,0,0,0,0,0,0,0,0,0,0,0,0,0,1,3,11,0
Pineland,903,2,0,2,0,0,0,0,0,0,0,0,0,0,0,0,0,0,0,0,0,0,0,0,0,0,0,0,1,0
Pittsburg,4465,167,42,81,44,40,13,21,6,0,0,0,0,0,0,0,0,2,1,0,1,0,0,0,2,0,11,2,14,0
Plainview,19335,1111,272,699,140,256,45,209,2,0,0,0,0,0,0,0,0,16,2,5,7,2,0,0,1,0,63,50,187,0
Plano,291140,12473,2228,7563,2682,2055,282,1513,260,4,3,1,0,0,0,0,34,135,52,26,23,34,0,0,13,0,506,206,93,0
Pleasanton,11169,762,182,393,187,173,9,139,25,1,1,0,0,0,0,0,0,8,3,1,1,3,0,0,0,0,26,9,105,0
Ponder,2655,19,8,10,1,5,0,2,3,0,0,0,0,0,0,0,0,3,3,0,0,0,0,0,0,0,1,0,0,0
Port Aransas,3468,538,150,250,138,142,10,113,19,0,0,0,0,0,0,0,0,8,5,0,0,3,0,0,0,0,11,3,40,0
Port Arthur,55371,3252,1214,1444,594,1143,323,711,109,8,7,1,0,0,0,0,7,56,40,3,2,11,0,0,1,1,256,32,255,0
Port Isabel,5152,419,90,185,144,87,10,72,5,0,0,0,0,0,0,0,0,3,2,0,0,1,0,0,1,0,11,3,23,0
Portland,20345,882,234,437,211,225,19,195,11,1,0,1,0,0,0,0,1,7,3,0,0,4,0,0,1,0,24,13,50,0
Port Lavaca,11137,341,99,170,72,78,19,35,24,1,0,1,0,0,0,0,1,19,13,0,0,6,0,0,0,0,27,8,25,0
Port Neches,13582,434,201,187,46,188,35,126,27,1,1,0,0,0,0,0,1,11,7,0,0,4,0,0,0,0,15,14,40,0
Poteet,3024,85,16,55,14,16,1,14,1,0,0,0,0,0,0,0,0,0,0,0,0,0,0,0,0,0,10,0,6,0
Poth,1955,32,7,12,13,7,1,5,1,0,0,0,0,0,0,0,0,0,0,0,0,0,0,0,0,0,1,2,1,0
Prairie View,8535,179,46,122,11,42,11,31,0,0,0,0,0,0,0,0,2,2,2,0,0,0,0,0,0,0,29,1,51,0
Premont,2419,42,26,11,5,26,10,15,1,0,0,0,0,0,0,0,0,0,0,0,0,0,0,0,0,0,5,0,2,0
Presidio,3133,9,7,0,2,5,3,2,0,0,0,0,0,0,0,0,0,2,1,0,0,1,0,0,0,0,0,0,0,0
Primera,5298,74,25,16,33,24,3,21,0,0,0,0,0,0,0,0,0,1,1,0,0,0,0,0,0,0,1,0,0,0
Princeton,26171,646,244,249,153,213,25,157,31,1,1,0,0,2,2,0,1,27,24,1,0,2,0,0,1,0,23,3,36,0
Prosper,41777,1068,162,637,269,152,7,121,24,0,0,0,0,0,0,0,0,10,4,3,0,3,0,0,1,0,67,16,49,0
Queen City,1389,30,11,16,3,9,2,7,0,0,0,0,0,0,0,0,0,2,2,0,0,0,0,0,0,0,2,1,0,0
Quitman,1998,25,3,11,11,3,1,2,0,0,0,0,0,0,0,0,0,0,0,0,0,0,0,0,0,0,4,1,1,0
Rancho Viejo,2864,24,5,13,6,3,1,2,0,0,0,0,0,0,0,0,0,2,2,0,0,0,0,0,0,0,0,1,0,0
Ranger,2276,86,19,34,33,19,1,14,4,0,0,0,0,0,0,0,0,0,0,0,0,0,0,0,1,0,10,0,5,0
Raymondville,10130,753,302,384,67,281,38,154,89,4,4,0,0,0,0,0,5,12,3,0,0,9,0,0,3,0,62,1,104,0
Red Oak,19134,659,162,401,96,148,18,104,26,1,1,0,0,0,0,0,0,13,10,0,0,3,0,0,2,0,25,8,68,0
Refugio,2774,123,34,67,22,33,7,25,1,0,0,0,0,0,0,0,0,1,1,0,0,0,0,0,1,0,12,3,13,0
Reno Lamar County,3481,106,25,66,15,24,3,17,4,0,0,0,0,0,0,0,0,1,1,0,0,0,0,0,0,0,7,2,3,0
Reno Parker County,3481,72,12,41,19,11,7,4,0,0,0,0,0,0,0,0,0,1,1,0,0,0,0,0,0,0,9,0,6,0
Rhome,1881,94,26,49,19,25,9,16,0,1,0,1,0,0,0,0,0,0,0,0,0,0,0,0,0,0,9,1,7,0
Rice,1255,56,7,30,19,7,1,5,1,0,0,0,0,0,0,0,0,0,0,0,0,0,0,0,0,0,2,0,6,0
Richardson,119008,4848,642,3083,1123,588,82,466,40,6,4,2,0,0,0,0,8,40,13,7,5,15,0,0,5,0,285,53,329,0
Richland,277,50,12,8,30,12,8,3,1,0,0,0,0,0,0,0,0,0,0,0,0,0,0,0,0,0,1,0,1,0
Richland Hills,8315,744,175,353,216,153,28,98,27,2,2,0,0,0,0,0,8,12,9,1,0,2,0,0,0,1,52,19,59,0
Richmond,13017,644,169,409,66,155,31,101,23,3,3,0,0,0,0,0,7,4,2,0,1,1,0,0,0,0,34,29,51,0
Richwood,4748,115,37,74,4,34,0,28,6,0,0,0,0,0,0,0,0,3,3,0,0,0,0,0,0,0,4,0,12,0
Rio Grande City,15253,514,41,432,41,38,21,17,0,0,0,0,0,0,0,0,2,1,0,0,0,1,0,0,3,0,48,2,84,0
Rio Hondo,2261,84,29,41,14,25,11,13,1,0,0,0,0,0,0,0,0,4,1,0,2,0,1,0,0,0,5,0,3,0
River Oaks,7349,269,51,143,75,45,18,20,7,0,0,0,0,0,0,0,0,6,3,1,0,2,0,0,0,0,18,3,24,0
Roanoke,10036,543,48,276,219,45,2,37,6,0,0,0,0,0,0,0,0,3,3,0,0,0,0,0,0,0,14,6,21,0
Robinson,13158,407,170,167,70,156,14,95,47,1,1,0,0,0,0,0,7,6,1,1,1,2,1,0,0,0,20,4,33,0
Robstown,10198,755,230,372,153,223,30,169,24,2,2,0,0,0,0,0,1,4,2,1,1,0,0,0,0,0,99,6,54,0
Rockdale,5631,228,65,78,85,65,28,28,9,0,0,0,0,0,0,0,0,0,0,0,0,0,0,0,0,0,12,8,9,0
Rockport,11003,611,184,322,105,158,35,105,18,4,1,3,0,0,0,0,5,17,12,2,0,3,0,0,2,0,52,9,43,0
Rockwall,53433,1798,400,1059,339,385,39,263,83,0,0,0,0,0,0,0,5,10,7,0,0,3,0,0,0,0,38,33,93,0
Rogers,1109,0,0,0,0,0,0,0,0,0,0,0,0,0,0,0,0,0,0,0,0,0,0,0,0,0,0,0,0,0
Rollingwood,1408,54,5,46,3,5,0,0,5,0,0,0,0,0,0,0,0,0,0,0,0,0,0,0,0,0,1,4,10,0
Roma,11503,406,174,152,80,170,22,83,65,0,0,0,0,0,0,0,0,4,3,0,0,1,0,0,1,0,16,7,30,0
Roman Forest,2279,221,61,136,24,59,10,36,13,0,0,0,0,0,0,0,0,2,1,1,0,0,0,0,1,0,20,2,28,0
Roscoe,1226,7,2,4,1,2,1,1,0,0,0,0,0,0,0,0,0,0,0,0,0,0,0,0,0,0,0,1,0,0
Rose City,341,24,5,15,4,5,0,5,0,0,0,0,0,0,0,0,0,0,0,0,0,0,0,0,0,0,3,1,0,0
Rosenberg,41900,2164,754,904,506,727,57,644,26,1,1,0,0,0,0,0,0,26,20,0,0,6,0,0,1,0,67,61,113,0
Round Rock,129898,6170,1436,4038,696,1370,114,1251,5,3,2,1,0,0,0,0,25,38,36,2,0,0,0,0,5,0,212,75,499,0
Rowlett,66671,2491,755,1416,320,716,104,492,120,3,3,0,0,2,2,0,0,34,19,3,3,9,0,0,4,0,94,15,219,0
Royse City,23763,815,151,461,203,131,31,86,14,1,1,0,0,1,0,1,1,17,8,2,1,6,0,0,0,1,53,14,35,0
Runaway Bay,1961,17,4,11,2,4,1,3,0,0,0,0,0,0,0,0,0,0,0,0,0,0,0,0,0,0,4,0,0,0
Rusk,5504,256,89,124,43,84,14,50,20,1,0,1,0,0,0,0,0,4,0,0,0,4,0,0,0,0,22,6,25,0
Sabinal,1387,39,12,4,23,12,0,11,1,0,0,0,0,0,0,0,0,0,0,0,0,0,0,0,0,0,1,0,0,0
Sachse,32671,726,221,427,78,212,11,154,47,0,0,0,0,0,0,0,0,9,1,0,1,7,0,0,0,0,37,9,70,0
Saginaw,26007,855,214,493,148,194,23,128,43,2,1,1,0,0,0,0,1,17,12,1,1,3,0,0,0,0,31,7,90,0
Salado,2406,19,5,10,4,5,0,4,1,0,0,0,0,0,0,0,0,0,0,0,0,0,0,0,0,0,3,0,1,0
San Angelo,98642,7562,2303,4174,1085,2233,214,1840,179,5,5,0,0,0,0,0,22,43,32,2,4,5,0,0,6,0,382,85,911,0
San Antonio,1490047,158763,33617,112794,12352,31033,6946,20075,4012,187,163,11,13,21,16,5,109,2267,910,216,332,809,0,0,232,7,7704,1821,18300,0
San Augustine,1868,54,16,17,21,16,4,12,0,0,0,0,0,0,0,0,0,0,0,0,0,0,0,0,0,0,6,0,3,0
San Benito,24578,1427,251,1058,118,246,63,142,41,0,0,0,0,3,1,2,1,1,0,0,0,0,1,0,1,0,92,13,155,0
San Elizario,10145,34,18,14,2,18,1,15,2,0,0,0,0,0,0,0,0,0,0,0,0,0,0,0,0,0,5,0,1,0
Sanger,10144,284,89,152,43,85,8,63,14,0,0,0,0,0,0,0,0,4,2,0,0,2,0,0,1,0,12,18,19,0
San Juan,36008,1394,481,833,80,433,95,253,85,3,2,1,0,4,4,0,4,37,0,0,0,37,0,0,0,0,108,19,179,0
San Marcos,71413,4002,1355,2327,320,1236,223,812,201,3,3,0,0,1,1,0,33,82,45,9,4,24,0,0,4,1,231,39,344,0
San Saba,3135,45,11,17,17,8,1,6,1,0,0,0,0,0,0,0,0,3,1,1,0,1,0,0,1,0,0,2,6,0
Sansom Park Village,5315,308,60,200,48,54,21,21,12,0,0,0,0,0,0,0,3,3,2,0,0,1,0,0,0,0,33,3,43,0
Santa Anna,1045,30,4,5,21,3,0,3,0,0,0,0,0,0,0,0,0,1,1,0,0,0,0,0,0,0,2,1,0,0
Santa Fe,12883,259,75,126,58,68,12,45,11,0,0,0,0,0,0,0,0,7,7,0,0,0,0,0,0,0,14,8,10,0
Schertz,43461,1101,351,578,172,334,55,189,90,0,0,0,0,0,0,0,1,16,7,0,2,7,0,0,3,0,51,35,24,0
Schulenburg,2758,119,27,54,38,24,17,3,4,0,0,0,0,0,0,0,0,3,3,0,0,0,0,0,0,0,2,4,5,0
Seabrook,13770,497,189,247,61,175,11,134,30,0,0,0,0,0,0,0,2,12,6,2,0,4,0,0,0,0,23,5,55,0
Seadrift,997,14,0,8,6,0,0,0,0,0,0,0,0,0,0,0,0,0,0,0,0,0,0,0,0,0,1,1,1,0
Seagoville,20098,645,111,462,72,101,35,56,10,0,0,0,0,0,0,0,2,8,3,1,2,2,0,0,2,0,55,3,107,0
Sealy,7019,210,31,125,54,25,7,15,3,0,0,0,0,0,0,0,0,6,2,0,0,4,0,0,0,0,19,10,27,0
Seguin,35581,2177,725,1066,386,659,62,546,51,5,5,0,0,27,3,24,2,32,15,0,0,17,0,0,1,0,85,21,210,0
Selma,11871,648,101,421,126,93,23,60,10,2,1,1,0,0,0,0,0,6,3,0,0,3,0,0,1,1,15,20,25,0
Seminole,7182,342,96,124,122,93,16,73,4,0,0,0,0,0,0,0,2,1,0,0,0,1,0,0,0,0,17,1,34,0
Seven Points,1464,61,25,32,4,24,6,11,7,0,0,0,0,0,0,0,0,1,1,0,0,0,0,0,0,0,6,2,7,0
Seymour,2578,24,10,9,5,10,3,6,1,0,0,0,0,0,0,0,0,0,0,0,0,0,0,0,0,0,3,0,1,0
Shallowater,2923,32,10,21,1,10,4,5,1,0,0,0,0,0,0,0,0,0,0,0,0,0,0,0,0,0,3,1,4,0
Shavano Park,3672,101,10,69,22,10,0,9,1,0,0,0,0,0,0,0,0,0,0,0,0,0,0,0,0,0,4,7,1,0
Shenandoah,3738,484,48,374,62,43,7,30,6,0,0,0,0,0,0,0,0,5,3,0,0,2,0,0,0,0,17,10,25,0
Sherman,45941,2437,891,964,582,830,145,630,55,3,3,0,0,0,0,0,16,42,24,4,1,13,0,0,3,0,215,36,103,0
Shiner,2198,72,18,38,16,16,3,13,0,1,1,0,0,0,0,0,0,1,0,1,0,0,0,0,0,0,5,2,15,0
Silsbee,6829,261,58,116,87,54,10,39,5,1,1,0,0,0,0,0,0,3,3,0,0,0,0,0,1,0,6,9,15,0
Sinton,5520,314,70,165,79,68,13,24,31,0,0,0,0,0,0,0,0,2,1,0,0,1,0,0,0,0,15,1,43,0
Slaton,5679,178,55,110,13,54,19,29,6,0,0,0,0,0,0,0,0,1,1,0,0,0,0,0,2,0,20,6,19,0
Smithville,4223,199,64,89,46,59,7,39,13,0,0,0,0,0,0,0,0,5,4,0,0,1,0,0,0,0,7,3,30,0
Snyder,11131,585,169,221,195,162,133,25,4,2,2,0,0,0,0,0,0,5,4,0,1,0,0,0,1,1,25,6,25,0
Socorro,39445,1022,380,430,212,351,53,218,80,0,0,0,0,0,0,0,2,27,17,4,0,6,0,0,0,0,37,6,82,0
Somerset,1820,23,5,16,2,5,1,4,0,0,0,0,0,0,0,0,0,0,0,0,0,0,0,0,0,0,3,0,4,0
Somerville,1391,31,14,12,5,7,2,5,0,1,0,1,0,0,0,0,0,6,1,0,0,5,0,0,0,0,0,1,2,0
Sonora,2337,15,6,7,2,5,3,2,0,0,0,0,0,0,0,0,0,1,1,0,0,0,0,0,0,0,2,0,1,0
Sour Lake,1843,54,21,17,16,18,1,16,1,0,0,0,0,0,0,0,0,3,2,0,0,1,0,0,0,0,2,1,4,0
South Houston,15718,1152,328,606,218,311,53,181,77,1,1,0,0,0,0,0,1,15,5,3,2,3,2,0,1,0,50,10,97,0
Southlake,31024,701,73,496,132,68,9,48,11,0,0,0,0,1,1,0,0,4,2,0,0,2,0,0,1,0,22,20,53,0
South Padre Island,2048,801,226,414,161,215,27,153,35,0,0,0,0,0,0,0,0,11,8,0,1,2,0,0,0,0,18,3,95,0
Southside Place,1850,33,4,28,1,4,1,1,2,0,0,0,0,0,0,0,0,0,0,0,0,0,0,0,0,0,2,0,2,0
Spearman,3051,0,0,0,0,0,0,0,0,0,0,0,0,0,0,0,0,0,0,0,0,0,0,0,0,0,0,0,0,0
Splendora,1958,241,13,55,173,12,3,7,2,0,0,0,0,0,0,0,1,0,0,0,0,0,0,0,0,0,7,1,16,0
Springtown,4227,209,60,105,44,51,7,35,9,0,0,0,0,0,0,0,6,3,3,0,0,0,0,0,0,0,14,5,16,0
Spring Valley,4278,107,4,102,1,4,2,2,0,0,0,0,0,0,0,0,0,0,0,0,0,0,0,0,0,0,3,1,17,0
Stafford,17330,1290,337,833,120,320,54,246,20,0,0,0,0,0,0,0,1,16,12,1,1,2,0,0,0,0,37,7,74,0
Stamford,2935,89,20,33,36,18,1,17,0,1,1,0,0,0,0,0,0,1,1,0,0,0,0,0,1,0,8,0,9,0
Stanton,2653,68,14,48,6,14,4,5,5,0,0,0,0,0,0,0,0,0,0,0,0,0,0,0,1,0,6,2,3,0
Stephenville,21911,847,295,357,195,271,42,207,22,0,0,0,0,0,0,0,3,21,15,0,0,6,0,0,0,0,40,18,46,0
Stratford,1976,10,4,3,3,3,1,2,0,0,0,0,0,0,0,0,0,1,1,0,0,0,0,0,0,0,0,0,0,0
Sudan,922,6,3,3,0,2,2,0,0,0,0,0,0,0,0,0,1,0,0,0,0,0,0,0,0,0,0,0,0,0
Sugar Land,108718,3047,498,2059,490,467,35,355,77,5,3,2,0,0,0,0,1,25,10,1,1,13,0,0,0,0,64,74,122,0
Sullivan City,3903,147,51,73,23,51,16,25,10,0,0,0,0,0,0,0,0,0,0,0,0,0,0,0,0,0,11,1,12,0
Sulphur Springs,16640,402,104,180,118,89,11,62,16,1,1,0,0,0,0,0,0,14,8,1,0,5,0,0,1,0,11,11,19,0
Sunnyvale,8741,230,34,136,60,32,10,14,8,1,0,1,0,0,0,0,0,1,1,0,0,0,0,0,0,0,17,2,17,0
Sunray,1694,37,6,31,0,6,2,4,0,0,0,0,0,0,0,0,0,0,0,0,0,0,0,0,0,0,4,2,8,0
Sunrise Beach Village,800,27,3,20,4,3,0,1,2,0,0,0,0,0,0,0,0,0,0,0,0,0,0,0,0,0,3,1,6,0
Sunset Valley,626,382,9,349,24,9,1,2,6,0,0,0,0,0,0,0,0,0,0,0,0,0,0,0,0,0,3,5,25,0
Surfside Beach,681,18,7,10,1,7,3,4,0,0,0,0,0,0,0,0,0,0,0,0,0,0,0,0,0,0,4,0,2,0
Sweeny,3529,186,52,92,42,51,9,41,1,0,0,0,0,0,0,0,0,1,0,0,1,0,0,0,0,0,6,13,13,0
Sweetwater,10310,508,236,171,101,223,45,151,27,1,1,0,0,0,0,0,5,7,5,0,0,2,0,0,0,0,39,3,8,0
Taft,2903,71,26,29,16,24,3,21,0,0,0,0,0,0,0,0,0,2,0,0,0,2,0,0,0,0,3,0,9,0
Tahoka,2432,71,34,32,5,30,8,21,1,1,1,0,0,0,0,0,1,2,2,0,0,0,0,0,0,0,7,1,8,0
Tatum,1375,6,2,4,0,2,0,2,0,0,0,0,0,0,0,0,0,0,0,0,0,0,0,0,0,0,1,1,0,0
Taylor,17267,733,233,433,67,217,34,167,16,0,0,0,0,1,1,0,0,15,1,0,0,14,0,0,2,0,65,6,95,0
Teague,3490,137,42,84,11,37,10,26,1,0,0,0,0,0,0,0,1,4,3,0,0,1,0,0,0,0,21,2,20,0
Temple,93073,4783,1436,2318,1029,1274,201,950,123,7,7,0,0,8,5,3,15,132,70,23,6,33,0,0,11,1,237,68,26,0
Tenaha,1009,0,0,0,0,0,0,0,0,0,0,0,0,0,0,0,0,0,0,0,0,0,0,0,0,0,0,0,0,0
Terrell,21371,1204,272,730,202,256,44,194,18,4,4,0,0,0,0,0,0,12,6,1,1,4,0,0,2,0,57,34,126,0
Terrell Hills,5049,117,11,106,0,11,1,6,4,0,0,0,0,0,0,0,0,0,0,0,0,0,0,0,0,0,18,0,9,0
Texarkana,35560,2863,895,1377,591,844,120,645,79,7,7,0,0,1,1,0,2,41,22,4,3,12,0,0,0,0,114,28,252,0
Texas City,57448,4112,1360,1842,910,1317,159,964,194,5,4,1,0,0,0,0,1,37,31,2,0,4,0,0,4,1,173,37,155,0
The Colony,45671,2027,341,1495,191,311,52,251,8,1,1,0,0,0,0,0,7,22,15,0,6,1,0,0,1,0,54,12,140,0
Thorndale,1386,0,0,0,0,0,0,0,0,0,0,0,0,0,0,0,0,0,0,0,0,0,0,0,0,0,0,0,0,0
Three Rivers,1581,22,11,3,8,11,2,7,2,0,0,0,0,0,0,0,0,0,0,0,0,0,0,0,0,0,1,0,0,0
Tioga,1273,0,0,0,0,0,0,0,0,0,0,0,0,0,0,0,0,0,0,0,0,0,0,0,0,0,0,0,0,0
Todd Mission,128,14,1,11,2,1,0,1,0,0,0,0,0,0,0,0,0,0,0,0,0,0,0,0,0,0,1,1,2,0
Tomball,14260,743,201,457,85,192,44,125,23,0,0,0,0,0,0,0,0,9,7,0,1,1,0,0,3,0,29,24,49,0
Tom Bean,981,10,6,3,1,6,1,4,1,0,0,0,0,0,0,0,0,0,0,0,0,0,0,0,0,0,1,0,2,0
Tool,2275,38,17,12,9,17,9,7,1,0,0,0,0,0,0,0,0,0,0,0,0,0,0,0,0,0,3,0,1,0
Trophy Club,13772,198,48,90,60,46,2,40,4,0,0,0,0,0,0,0,0,2,1,0,0,1,0,0,1,0,5,5,11,0
Tulia,4354,302,98,141,63,92,17,49,26,0,0,0,0,0,0,0,0,6,3,0,0,3,0,0,0,0,19,3,32,0
Tye,1203,25,11,7,7,10,3,5,2,1,1,0,0,0,0,0,0,0,0,0,0,0,0,0,0,0,1,0,0,0
Tyler,110824,6959,1786,3629,1544,1648,344,1238,66,12,11,1,0,0,0,0,19,107,80,4,2,21,0,0,3,1,271,118,605,0
Universal City,20112,1715,387,1063,265,360,28,237,95,0,0,0,0,0,0,0,1,26,20,1,0,5,0,0,0,0,91,24,215,0
University Park,25080,439,40,349,50,37,3,34,0,0,0,0,0,0,0,0,0,3,2,0,0,1,0,0,0,0,147,5,30,0
Uvalde,15538,964,296,561,107,269,36,204,29,0,0,0,0,0,0,0,7,20,9,2,0,9,0,0,1,0,81,28,111,0
Valley Mills,1294,28,8,11,9,4,2,2,0,1,0,1,0,0,0,0,0,3,1,2,0,0,0,0,0,0,4,0,2,0
Van,2891,94,15,39,40,13,2,10,1,0,0,0,0,0,0,0,0,2,2,0,0,0,0,0,0,0,3,4,6,0
Van Alstyne,7203,214,44,85,85,44,6,28,10,0,0,0,0,0,0,0,0,0,0,0,0,0,0,0,0,1,3,0,18,0
Vega,861,2,1,1,0,1,0,0,1,0,0,0,0,0,0,0,0,0,0,0,0,0,0,0,0,0,0,0,0,0
Venus,8228,228,74,57,97,66,16,49,1,0,0,0,0,0,0,0,0,8,0,3,0,5,0,0,0,0,5,3,8,0
Vernon,9598,503,168,226,109,154,18,112,24,0,0,0,0,0,0,0,1,13,4,1,1,6,1,0,0,0,29,13,44,0
Victoria,65298,4308,1120,2189,999,1052,180,771,101,7,5,2,0,0,0,0,8,53,37,5,1,10,0,0,4,0,223,65,370,0
Vidor,9642,273,87,144,42,77,16,42,19,0,0,0,0,0,0,0,1,9,8,0,0,1,0,0,0,0,30,2,19,0
Waco,145741,9593,2919,5362,1312,2687,515,1953,219,15,12,3,0,3,3,0,52,162,100,22,0,40,0,0,15,0,509,178,841,0
Waelder,956,32,17,6,9,16,0,16,0,0,0,0,0,0,0,0,0,1,0,0,1,0,0,0,0,0,3,0,2,0
Wake Village,5794,144,43,73,28,43,5,33,5,0,0,0,0,0,0,0,0,0,0,0,0,0,0,0,0,0,13,5,13,0
Waller,3364,146,28,99,19,25,5,19,1,0,0,0,0,0,0,0,1,2,2,0,0,0,0,0,0,0,21,3,15,0
Wallis,1365,29,13,14,2,13,4,3,6,0,0,0,0,0,0,0,0,0,0,0,0,0,0,0,0,0,3,1,1,0
Watauga,22782,1038,187,473,378,167,20,133,14,0,0,0,0,0,0,0,1,19,13,2,0,4,0,0,1,1,41,21,75,0
Waxahachie,47535,1963,435,1042,486,393,84,220,89,1,0,1,0,0,0,0,2,39,13,5,5,16,0,0,2,0,53,21,140,0
Weatherford,39115,2027,480,950,597,425,49,282,94,0,0,0,0,0,0,0,9,46,23,4,0,19,0,0,2,0,49,39,110,0
Webster,12045,1827,268,1094,465,256,43,186,27,0,0,0,0,0,0,0,0,12,1,1,3,7,0,0,0,0,78,23,100,0
Weimar,2101,72,16,26,30,16,2,11,3,0,0,0,0,0,0,0,0,0,0,0,0,0,0,0,0,0,1,1,5,0
Weslaco,43072,4269,1080,2494,695,1033,110,690,233,0,0,0,0,0,0,0,14,33,18,4,0,11,0,0,2,0,129,48,425,0
West,2586,33,13,19,1,12,4,7,1,0,0,0,0,0,0,0,0,1,1,0,0,0,0,0,0,0,4,0,2,0
West Columbia,3579,170,42,103,25,41,5,27,9,0,0,0,0,0,0,0,0,1,1,0,0,0,0,0,2,0,12,1,16,0
West Lake Hills,3166,150,16,116,18,16,2,6,8,0,0,0,0,0,0,0,0,0,0,0,0,0,0,0,0,0,6,6,8,0
West Orange,3396,162,26,127,9,23,4,10,9,0,0,0,0,0,0,0,0,3,3,0,0,0,0,0,0,0,20,3,15,0
Westover Hills,639,25,1,14,10,1,0,1,0,0,0,0,0,0,0,0,0,0,0,0,0,0,0,0,0,0,3,2,0,0
West University Place,14686,399,19,281,99,18,5,11,2,0,0,0,0,0,0,0,0,1,0,0,1,0,0,0,1,0,23,10,23,0
Westworth,2658,346,45,192,109,44,14,21,9,0,0,0,0,0,0,0,0,1,1,0,0,0,0,0,0,0,15,6,24,0
Wharton,8792,540,146,309,85,142,28,112,2,0,0,0,0,0,0,0,0,4,0,2,0,1,1,0,0,0,30,3,61,0
Whitehouse,9609,161,40,96,25,30,4,23,3,0,0,0,0,1,0,1,1,8,6,2,0,0,0,0,0,0,7,6,15,0
White Oak,6233,141,53,77,11,50,4,45,1,1,1,0,0,0,0,0,0,2,1,0,0,1,0,0,0,0,8,5,10,0
Whitesboro,4396,67,28,22,17,27,3,12,12,0,0,0,0,0,0,0,0,1,0,0,0,1,0,0,1,0,1,1,2,0
White Settlement,17949,901,234,556,111,210,88,105,17,0,0,0,0,0,0,0,0,24,18,1,1,4,0,0,1,0,71,14,114,0
Whitewright,1856,31,10,14,7,10,1,8,1,0,0,0,0,0,0,0,0,0,0,0,0,0,0,0,0,0,4,0,2,0
Whitney,2096,100,29,62,9,27,3,22,2,0,0,0,0,0,0,0,0,2,0,2,0,0,0,0,0,0,5,4,17,0
Wichita Falls,102740,7118,2416,4041,661,2257,342,1297,618,7,4,3,0,0,0,0,13,139,69,22,9,38,0,1,0,2,0,438,169,383
Willis,7201,451,150,277,24,136,28,89,19,1,1,0,0,0,0,0,1,12,9,1,0,2,0,0,0,0,0,33,5,51
Willow Park,6023,263,47,106,110,45,9,27,9,0,0,0,0,0,0,0,0,2,2,0,0,0,0,0,0,0,0,7,10,14
Wills Point,4023,97,35,45,17,32,9,23,0,0,0,0,0,0,0,0,0,3,3,0,0,0,0,0,0,0,0,10,5,4
Wilmer,6169,257,51,186,20,45,14,31,0,1,0,1,0,0,0,0,0,5,3,1,0,1,0,0,0,1,0,10,5,37
Windcrest,5766,1205,93,682,430,90,8,68,14,0,0,0,0,0,0,0,0,3,0,0,0,3,0,0,0,1,1,22,34,85
Wink,837,3,1,1,1,1,1,0,0,0,0,0,0,0,0,0,0,0,0,0,0,0,0,0,0,0,0,0,0,0
Winnsboro,3611,121,26,39,56,20,4,15,1,0,0,0,0,0,0,0,0,6,2,0,0,4,0,0,0,0,0,11,4,6
Winters,2318,38,7,13,18,7,2,4,1,0,0,0,0,0,0,0,0,0,0,0,0,0,0,0,0,0,0,2,1,0
Wolfforth,7135,182,57,61,64,56,9,40,7,0,0,0,0,0,0,0,0,1,0,0,0,1,0,0,0,0,0,7,5,15
Woodbranch,1546,0,0,0,0,0,0,0,0,0,0,0,0,0,0,0,0,0,0,0,0,0,0,0,0,0,0,0,0,0
Woodsboro,1245,20,7,8,5,7,1,5,1,0,0,0,0,0,0,0,0,0,0,0,0,0,0,0,0,0,0,2,0,1
Woodville,2420,54,8,29,17,8,1,4,3,0,0,0,0,0,0,0,0,0,0,0,0,0,0,0,0,0,0,2,1,4
Wortham,1017,42,6,22,14,4,4,0,0,1,0,1,0,0,0,0,0,1,1,0,0,0,0,0,0,0,0,7,1,2
Wylie,62539,1227,388,657,182,367,24,296,47,0,0,0,0,0,0,0,0,21,14,2,2,3,0,0,0,0,0,36,9,78
Yoakum,5885,92,27,48,17,24,0,18,6,0,0,0,0,0,0,0,0,3,1,0,0,2,0,0,0,0,0,12,2,7
Zavalla,610,36,8,19,9,7,3,2,2,0,0,0,0,0,0,0,0,1,1,0,0,0,0,0,0,0,0,3,0,3
